{"textures":{"0":"modelengine:entity/iceboar"},"elements":[{"from":[8.016666,-3.5577955,11.021706],"to":[9.816667,2.4422045,14.021706],"faces":{"east":{"uv":[8.5,3.75,8.875,4.5],"tintindex":0,"rotation":0,"texture":"#0"},"south":{"uv":[1.125,9.125,1.375,9.875],"tintindex":0,"rotation":0,"texture":"#0"},"north":{"uv":[0.875,9.125,1.125,9.875],"tintindex":0,"rotation":0,"texture":"#0"},"west":{"uv":[8.5,6.375,8.875,7.125],"tintindex":0,"rotation":0,"texture":"#0"},"up":{"uv":[9.625,0.75,9.375,0.375],"tintindex":0,"rotation":0,"texture":"#0"},"down":{"uv":[9.625,1.125,9.375,1.5],"tintindex":0,"rotation":0,"texture":"#0"}},"rotation":{"origin":[8.916666,-3.0577955,12.521706],"angle":22.5,"axis":"x"}},{"from":[7.9166665,2.4422045,6.021706],"to":[9.916666,9.442204,10.021706],"faces":{"east":{"uv":[3.0,8.0,3.5,8.875],"tintindex":0,"rotation":0,"texture":"#0"},"south":{"uv":[8.875,2.875,9.125,3.75],"tintindex":0,"rotation":0,"texture":"#0"},"north":{"uv":[2.75,8.875,3.0,9.75],"tintindex":0,"rotation":0,"texture":"#0"},"west":{"uv":[2.5,8.0,3.0,8.875],"tintindex":0,"rotation":0,"texture":"#0"},"up":{"uv":[9.375,6.0,9.125,5.5],"tintindex":0,"rotation":0,"texture":"#0"},"down":{"uv":[9.375,6.0,9.125,6.5],"tintindex":0,"rotation":0,"texture":"#0"}},"rotation":{"origin":[1.9166665,8.442204,14.021706],"angle":-45.0,"axis":"x"}},{"from":[9.416666,-6.381675,8.639023],"to":[10.416666,-4.381675,10.639023],"faces":{"east":{"uv":[5.0,9.375,5.25,9.625],"tintindex":0,"rotation":0,"texture":"#0"},"south":{"uv":[3.25,9.375,3.375,9.625],"tintindex":0,"rotation":0,"texture":"#0"},"north":{"uv":[2.375,9.375,2.5,9.625],"tintindex":0,"rotation":0,"texture":"#0"},"west":{"uv":[9.375,5.0,9.625,5.25],"tintindex":0,"rotation":0,"texture":"#0"},"up":{"uv":[5.625,9.625,5.5,9.375],"tintindex":0,"rotation":0,"texture":"#0"},"down":{"uv":[9.5,5.5,9.375,5.75],"tintindex":0,"rotation":0,"texture":"#0"}}},{"from":[7.9166665,5.4422045,5.021706],"to":[10.916666,13.442204,12.021706],"faces":{"east":{"uv":[5.125,6.875,6.0,7.875],"tintindex":0,"rotation":0,"texture":"#0"},"south":{"uv":[6.375,8.0,6.75,9.0],"tintindex":0,"rotation":0,"texture":"#0"},"north":{"uv":[6.0,8.0,6.375,9.0],"tintindex":0,"rotation":0,"texture":"#0"},"west":{"uv":[7.0,0.0,7.875,1.0],"tintindex":0,"rotation":0,"texture":"#0"},"up":{"uv":[1.125,9.125,0.75,8.25],"tintindex":0,"rotation":0,"texture":"#0"},"down":{"uv":[1.5,8.25,1.125,9.125],"tintindex":0,"rotation":0,"texture":"#0"}},"rotation":{"origin":[1.9166665,8.442204,14.021706],"angle":-22.5,"axis":"x"}},{"from":[7.4166665,-6.381675,9.639023],"to":[8.416666,-4.381675,11.639023],"faces":{"east":{"uv":[5.25,9.375,5.5,9.625],"tintindex":0,"rotation":0,"texture":"#0"},"south":{"uv":[5.75,9.375,5.875,9.625],"tintindex":0,"rotation":0,"texture":"#0"},"north":{"uv":[5.625,9.375,5.75,9.625],"tintindex":0,"rotation":0,"texture":"#0"},"west":{"uv":[9.375,5.25,9.625,5.5],"tintindex":0,"rotation":0,"texture":"#0"},"up":{"uv":[9.5,6.0,9.375,5.75],"tintindex":0,"rotation":0,"texture":"#0"},"down":{"uv":[6.0,9.375,5.875,9.625],"tintindex":0,"rotation":0,"texture":"#0"}}},{"from":[6.9166665,-6.481675,10.639023],"to":[10.916666,-1.4816751,13.639023],"faces":{"east":{"uv":[8.75,7.125,9.125,7.75],"tintindex":0,"rotation":0,"texture":"#0"},"south":{"uv":[8.25,7.125,8.75,7.75],"tintindex":0,"rotation":0,"texture":"#0"},"north":{"uv":[8.25,2.375,8.75,3.0],"tintindex":0,"rotation":0,"texture":"#0"},"west":{"uv":[5.625,8.75,6.0,9.375],"tintindex":0,"rotation":0,"texture":"#0"},"up":{"uv":[0.875,9.5,0.375,9.125],"tintindex":0,"rotation":0,"texture":"#0"},"down":{"uv":[9.625,0.75,9.125,1.125],"tintindex":0,"rotation":0,"texture":"#0"}}}],"display":{"gui":{"rotation":[30,225,0]}}}