{"textures":{"0":"modelengine:entity/arctic_colossus"},"elements":[{"from":[12.3967905,11.344432,10.239139],"to":[16.448257,16.408768,26.445011],"faces":{"east":{"uv":[12.0625,4.0,11.0625,4.3125],"tintindex":0,"rotation":0,"texture":"#0"},"south":{"uv":[5.375,8.75,5.125,9.0625],"tintindex":0,"rotation":0,"texture":"#0"},"north":{"uv":[8.6875,5.1875,8.4375,5.5],"tintindex":0,"rotation":0,"texture":"#0"},"west":{"uv":[11.0625,4.0,12.0625,4.3125],"tintindex":0,"rotation":0,"texture":"#0"},"up":{"uv":[1.375,4.9375,1.625,3.9375],"tintindex":0,"rotation":0,"texture":"#0"},"down":{"uv":[1.375,3.9375,1.625,4.9375],"tintindex":0,"rotation":0,"texture":"#0"}},"rotation":{"origin":[8.180065,9.418312,6.546969],"angle":45.0,"axis":"y"}},{"from":[2.6724005,-8.199696,4.7514443],"to":[8.749603,6.993309,10.828647],"faces":{"east":{"uv":[9.0,10.6875,9.375,11.625],"tintindex":0,"rotation":0,"texture":"#0"},"south":{"uv":[2.5625,5.0,2.9375,5.9375],"tintindex":0,"rotation":0,"texture":"#0"},"north":{"uv":[2.5625,5.0,2.9375,5.9375],"tintindex":0,"rotation":0,"texture":"#0"},"west":{"uv":[9.0,10.6875,9.375,11.625],"tintindex":0,"rotation":0,"texture":"#0"},"up":{"uv":[6.8125,7.3125,6.4375,6.9375],"tintindex":0,"rotation":0,"texture":"#0"},"down":{"uv":[4.4375,9.6875,4.0625,10.0625],"tintindex":0,"rotation":0,"texture":"#0"}},"rotation":{"origin":[8.180065,9.418312,6.546969],"angle":-45.0,"axis":"z"}},{"from":[19.037966,-2.0684652,-7.0090923],"to":[23.089434,1.9830041,5.145312],"faces":{"east":{"uv":[12.4375,10.0,11.6875,10.25],"tintindex":0,"rotation":0,"texture":"#0"},"south":{"uv":[10.0,7.5625,9.75,7.8125],"tintindex":0,"rotation":0,"texture":"#0"},"north":{"uv":[7.9375,5.5625,7.6875,5.8125],"tintindex":0,"rotation":0,"texture":"#0"},"west":{"uv":[11.6875,10.0,12.4375,10.25],"tintindex":0,"rotation":0,"texture":"#0"},"up":{"uv":[2.0,10.3125,2.25,9.5625],"tintindex":0,"rotation":0,"texture":"#0"},"down":{"uv":[2.0,9.5625,2.25,10.3125],"tintindex":0,"rotation":0,"texture":"#0"}},"rotation":{"origin":[8.180065,9.418312,6.546969],"angle":-22.5,"axis":"x"}},{"from":[-0.93573856,1.2157617,-3.3514938],"to":[17.295868,17.421635,8.802913],"faces":{"east":{"uv":[1.5625,7.5,0.8125,8.5],"tintindex":0,"rotation":0,"texture":"#0"},"south":{"uv":[5.0625,1.3125,6.1875,2.3125],"tintindex":0,"rotation":0,"texture":"#0"},"north":{"uv":[5.0625,1.3125,6.1875,2.3125],"tintindex":0,"rotation":0,"texture":"#0"},"west":{"uv":[0.8125,7.5,1.5625,8.5],"tintindex":0,"rotation":0,"texture":"#0"},"up":{"uv":[8.0,6.625,6.875,5.875],"tintindex":0,"rotation":0,"texture":"#0"},"down":{"uv":[8.0,6.6875,6.875,7.4375],"tintindex":0,"rotation":0,"texture":"#0"}}},{"from":[-0.93573856,-5.8743086,-3.3514938],"to":[-0.93573856,1.2157617,8.802913],"faces":{"east":{"uv":[4.9375,11.0,4.1875,11.4375],"tintindex":0,"rotation":0,"texture":"#0"},"west":{"uv":[4.1875,11.0,4.9375,11.4375],"tintindex":0,"rotation":0,"texture":"#0"}}},{"from":[0.07712841,12.386017,-1.021719],"to":[4.128597,28.591892,3.0297494],"faces":{"east":{"uv":[2.8125,11.1875,3.0625,12.1875],"tintindex":0,"rotation":0,"texture":"#0"},"south":{"uv":[11.125,6.875,11.375,7.875],"tintindex":0,"rotation":0,"texture":"#0"},"north":{"uv":[11.125,6.875,11.375,7.875],"tintindex":0,"rotation":0,"texture":"#0"},"west":{"uv":[2.8125,11.1875,3.0625,12.1875],"tintindex":0,"rotation":0,"texture":"#0"},"up":{"uv":[12.5625,3.125,12.3125,2.875],"tintindex":0,"rotation":0,"texture":"#0"},"down":{"uv":[12.5625,3.1875,12.3125,3.4375],"tintindex":0,"rotation":0,"texture":"#0"}},"rotation":{"origin":[8.180065,9.418312,6.546969],"angle":45.0,"axis":"x"}},{"from":[2.1028624,13.449514,-3.4960709],"to":[6.154331,23.578184,0.55539703],"faces":{"east":{"uv":[2.1875,11.875,2.4375,12.5],"tintindex":0,"rotation":0,"texture":"#0"},"south":{"uv":[5.125,7.0,5.375,7.625],"tintindex":0,"rotation":0,"texture":"#0"},"north":{"uv":[5.125,7.0,5.375,7.625],"tintindex":0,"rotation":0,"texture":"#0"},"west":{"uv":[2.1875,11.875,2.4375,12.5],"tintindex":0,"rotation":0,"texture":"#0"},"up":{"uv":[6.8125,12.5625,6.5625,12.3125],"tintindex":0,"rotation":0,"texture":"#0"},"down":{"uv":[12.5625,12.25,12.3125,12.5],"tintindex":0,"rotation":0,"texture":"#0"}},"rotation":{"origin":[8.180065,9.418312,6.546969],"angle":22.5,"axis":"x"}},{"from":[-6.7293034,-2.0684652,-7.0090923],"to":[-2.6778355,1.9830041,5.145312],"faces":{"east":{"uv":[12.4375,10.0,11.6875,10.25],"tintindex":0,"rotation":0,"texture":"#0"},"south":{"uv":[9.75,7.5625,10.0,7.8125],"tintindex":0,"rotation":0,"texture":"#0"},"north":{"uv":[7.6875,5.5625,7.9375,5.8125],"tintindex":0,"rotation":0,"texture":"#0"},"west":{"uv":[11.6875,10.0,12.4375,10.25],"tintindex":0,"rotation":0,"texture":"#0"},"up":{"uv":[2.25,10.3125,2.0,9.5625],"tintindex":0,"rotation":0,"texture":"#0"},"down":{"uv":[2.25,9.5625,2.0,10.3125],"tintindex":0,"rotation":0,"texture":"#0"}},"rotation":{"origin":[8.180065,9.418312,6.546969],"angle":-22.5,"axis":"x"}},{"from":[7.610527,-8.199696,4.7514443],"to":[13.68773,6.993309,10.828647],"faces":{"east":{"uv":[9.375,10.6875,9.0,11.625],"tintindex":0,"rotation":0,"texture":"#0"},"south":{"uv":[2.9375,5.0,2.5625,5.9375],"tintindex":0,"rotation":0,"texture":"#0"},"north":{"uv":[2.9375,5.0,2.5625,5.9375],"tintindex":0,"rotation":0,"texture":"#0"},"west":{"uv":[9.375,10.6875,9.0,11.625],"tintindex":0,"rotation":0,"texture":"#0"},"up":{"uv":[6.4375,7.3125,6.8125,6.9375],"tintindex":0,"rotation":0,"texture":"#0"},"down":{"uv":[4.0625,9.6875,4.4375,10.0625],"tintindex":0,"rotation":0,"texture":"#0"}},"rotation":{"origin":[8.180065,9.418312,6.546969],"angle":45.0,"axis":"z"}},{"from":[-0.08812809,11.344432,10.239139],"to":[3.9633398,16.408768,26.445011],"faces":{"east":{"uv":[12.0625,4.0,11.0625,4.3125],"tintindex":0,"rotation":0,"texture":"#0"},"south":{"uv":[5.125,8.75,5.375,9.0625],"tintindex":0,"rotation":0,"texture":"#0"},"north":{"uv":[8.4375,5.1875,8.6875,5.5],"tintindex":0,"rotation":0,"texture":"#0"},"west":{"uv":[11.0625,4.0,12.0625,4.3125],"tintindex":0,"rotation":0,"texture":"#0"},"up":{"uv":[1.625,4.9375,1.375,3.9375],"tintindex":0,"rotation":0,"texture":"#0"},"down":{"uv":[1.625,3.9375,1.375,4.9375],"tintindex":0,"rotation":0,"texture":"#0"}},"rotation":{"origin":[8.180065,9.418312,6.546969],"angle":-45.0,"axis":"y"}},{"from":[10.205799,13.449514,-3.4960709],"to":[14.257268,23.578184,0.55539703],"faces":{"east":{"uv":[2.4375,11.875,2.1875,12.5],"tintindex":0,"rotation":0,"texture":"#0"},"south":{"uv":[5.375,7.0,5.125,7.625],"tintindex":0,"rotation":0,"texture":"#0"},"north":{"uv":[5.375,7.0,5.125,7.625],"tintindex":0,"rotation":0,"texture":"#0"},"west":{"uv":[2.4375,11.875,2.1875,12.5],"tintindex":0,"rotation":0,"texture":"#0"},"up":{"uv":[6.5625,12.5625,6.8125,12.3125],"tintindex":0,"rotation":0,"texture":"#0"},"down":{"uv":[12.3125,12.25,12.5625,12.5],"tintindex":0,"rotation":0,"texture":"#0"}},"rotation":{"origin":[8.180065,9.418312,6.546969],"angle":22.5,"axis":"x"}},{"from":[12.231533,12.386017,-1.021719],"to":[16.283003,28.591892,3.0297494],"faces":{"east":{"uv":[3.0625,11.1875,2.8125,12.1875],"tintindex":0,"rotation":0,"texture":"#0"},"south":{"uv":[11.375,6.875,11.125,7.875],"tintindex":0,"rotation":0,"texture":"#0"},"north":{"uv":[11.375,6.875,11.125,7.875],"tintindex":0,"rotation":0,"texture":"#0"},"west":{"uv":[3.0625,11.1875,2.8125,12.1875],"tintindex":0,"rotation":0,"texture":"#0"},"up":{"uv":[12.3125,3.125,12.5625,2.875],"tintindex":0,"rotation":0,"texture":"#0"},"down":{"uv":[12.3125,3.1875,12.5625,3.4375],"tintindex":0,"rotation":0,"texture":"#0"}},"rotation":{"origin":[8.180065,9.418312,6.546969],"angle":45.0,"axis":"x"}},{"from":[-11.183279,7.2929635,1.242012],"to":[0.9711256,11.344432,5.29348],"faces":{"east":{"uv":[10.0625,7.5625,10.3125,7.8125],"tintindex":0,"rotation":0,"texture":"#0"},"south":{"uv":[12.4375,10.3125,11.6875,10.5625],"tintindex":0,"rotation":0,"texture":"#0"},"north":{"uv":[11.6875,10.3125,12.4375,10.5625],"tintindex":0,"rotation":0,"texture":"#0"},