{"textures":{"0":"modelengine:entity/arctic_colossus"},"elements":[{"from":[3.7379632,-9.496761,-0.15009212],"to":[13.866634,7.7219787,9.978579],"faces":{"east":{"uv":[8.125,2.5625,8.75,3.625],"tintindex":0,"rotation":0,"texture":"#0"},"south":{"uv":[5.5,8.0,6.125,9.0625],"tintindex":0,"rotation":0,"texture":"#0"},"north":{"uv":[5.5,8.0,6.125,9.0625],"tintindex":0,"rotation":0,"texture":"#0"},"west":{"uv":[8.125,2.5625,8.75,3.625],"tintindex":0,"rotation":0,"texture":"#0"},"up":{"uv":[4.0,10.9375,3.375,10.3125],"tintindex":0,"rotation":0,"texture":"#0"},"down":{"uv":[4.0,10.9375,3.375,10.3125],"tintindex":0,"rotation":0,"texture":"#0"}},"rotation":{"origin":[6.27013,-0.88739204,9.978579],"angle":22.5,"axis":"x"}},{"from":[3.7379632,-9.496761,9.978579],"to":[3.7379632,7.7219787,20.10725],"faces":{"east":{"uv":[7.5,8.125,6.875,9.1875],"tintindex":0,"rotation":0,"texture":"#0"},"west":{"uv":[6.875,8.125,7.5,9.1875],"tintindex":0,"rotation":0,"texture":"#0"}},"rotation":{"origin":[6.27013,-0.88739204,9.978579],"angle":22.5,"axis":"x"}}]}