{"textures":{"0":"modelengine:entity/arctic_colossus"},"elements":[{"from":[1.0105095,-0.3561535,-7.628913],"to":[7.0877113,8.75965,-0.032409668],"faces":{"east":{"uv":[12.125,1.1875,11.8125,1.5625],"tintindex":0,"rotation":0,"texture":"#0"},"south":{"uv":[8.75,2.125,8.5,2.5],"tintindex":0,"rotation":0,"texture":"#0"},"north":{"uv":[8.5,2.125,8.75,2.5],"tintindex":0,"rotation":0,"texture":"#0"},"west":{"uv":[11.8125,1.1875,12.125,1.5625],"tintindex":0,"rotation":0,"texture":"#0"},"up":{"uv":[8.75,9.375,8.5,9.0625],"tintindex":0,"rotation":0,"texture":"#0"},"down":{"uv":[9.4375,1.1875,9.1875,1.5],"tintindex":0,"rotation":0,"texture":"#0"}},"rotation":{"origin":[8.103451,4.2017484,2.5179844],"angle":22.5,"axis":"y"}},{"from":[0.23357582,-0.31817055,0.61885834],"to":[15.540529,8.797633,15.811863],"faces":{"east":{"uv":[11.9375,10.9375,11.3125,11.3125],"tintindex":0,"rotation":0,"texture":"#0"},"south":{"uv":[11.3125,3.5,11.9375,3.875],"tintindex":0,"rotation":0,"texture":"#0"},"north":{"uv":[11.3125,3.5,11.9375,3.875],"tintindex":0,"rotation":0,"texture":"#0"},"west":{"uv":[11.3125,10.9375,11.9375,11.3125],"tintindex":0,"rotation":0,"texture":"#0"},"up":{"uv":[2.625,11.0625,2.0,10.4375],"tintindex":0,"rotation":0,"texture":"#0"},"down":{"uv":[11.0625,6.6875,10.4375,7.3125],"tintindex":0,"rotation":0,"texture":"#0"}}},{"from":[4.867443,-0.39413548,-6.977644],"to":[10.944645,8.721667,0.61885834],"faces":{"east":{"uv":[12.125,1.1875,11.8125,1.5625],"tintindex":0,"rotation":0,"texture":"#0"},"south":{"uv":[8.75,2.125,8.5,2.5],"tintindex":0,"rotation":0,"texture":"#0"},"north":{"uv":[8.5,2.125,8.75,2.5],"tintindex":0,"rotation":0,"texture":"#0"},"west":{"uv":[11.8125,1.1875,12.125,1.5625],"tintindex":0,"rotation":0,"texture":"#0"},"up":{"uv":[8.75,9.375,8.5,9.0625],"tintindex":0,"rotation":0,"texture":"#0"},"down":{"uv":[9.4375,1.1875,9.1875,1.5],"tintindex":0,"rotation":0,"texture":"#0"}}},{"from":[9.1841545,-0.3561535,-7.4720755],"to":[15.261356,8.75965,0.124427795],"faces":{"east":{"uv":[12.125,1.1875,11.8125,1.5625],"tintindex":0,"rotation":0,"texture":"#0"},"south":{"uv":[8.75,2.125,8.5,2.5],"tintindex":0,"rotation":0,"texture":"#0"},"north":{"uv":[8.5,2.125,8.75,2.5],"tintindex":0,"rotation":0,"texture":"#0"},"west":{"uv":[11.8125,1.1875,12.125,1.5625],"tintindex":0,"rotation":0,"texture":"#0"},"up":{"uv":[8.75,9.375,8.5,9.0625],"tintindex":0,"rotation":0,"texture":"#0"},"down":{"uv":[9.4375,1.1875,9.1875,1.5],"tintindex":0,"rotation":0,"texture":"#0"}},"rotation":{"origin":[8.103451,4.2017484,2.5179844],"angle":-22.5,"axis":"y"}}]}