{"textures":{"0":"modelengine:entity/arctic_colossus"},"elements":[{"from":[0.77148056,3.382759,3.9163666],"to":[3.8100815,11.485695,6.9549685],"faces":{"east":{"uv":[12.125,7.1875,12.3125,7.6875],"tintindex":0,"rotation":0,"texture":"#0"},"south":{"uv":[7.875,11.125,8.0625,11.625],"tintindex":0,"rotation":0,"texture":"#0"},"north":{"uv":[7.875,11.125,8.0625,11.625],"tintindex":0,"rotation":0,"texture":"#0"},"west":{"uv":[12.125,7.1875,12.3125,7.6875],"tintindex":0,"rotation":0,"texture":"#0"},"up":{"uv":[8.0625,3.625,7.875,3.4375],"tintindex":0,"rotation":0,"texture":"#0"},"down":{"uv":[3.25,8.0625,3.0625,8.25],"tintindex":0,"rotation":0,"texture":"#0"}},"rotation":{"origin":[2.867083,8.779343,13.582438],"angle":22.5,"axis":"z"}},{"from":[1.7843475,5.408493,8.980702],"to":[5.8358154,16.550032,13.032171],"faces":{"east":{"uv":[10.75,11.8125,11.0,12.5],"tintindex":0,"rotation":0,"texture":"#0"},"south":{"uv":[5.625,11.8125,5.875,12.5],"tintindex":0,"rotation":0,"texture":"#0"},"north":{"uv":[5.625,11.8125,5.875,12.5],"tintindex":0,"rotation":0,"texture":"#0"},"west":{"uv":[10.75,11.8125,11.0,12.5],"tintindex":0,"rotation":0,"texture":"#0"},"up":{"uv":[12.625,4.9375,12.375,4.6875],"tintindex":0,"rotation":0,"texture":"#0"},"down":{"uv":[12.625,5.0,12.375,5.25],"tintindex":0,"rotation":0,"texture":"#0"}},"rotation":{"origin":[2.867083,8.779343,13.582438],"angle":22.5,"axis":"z"}},{"from":[2.837738,-6.3682117,3.9163666],"to":[13.979276,9.837662,17.08364],"faces":{"east":{"uv":[7.8125,3.4375,7.0,4.4375],"tintindex":0,"rotation":0,"texture":"#0"},"south":{"uv":[1.625,7.5,2.3125,8.5],"tintindex":0,"rotation":0,"texture":"#0"},"north":{"uv":[1.625,7.5,2.3125,8.5],"tintindex":0,"rotation":0,"texture":"#0"},"west":{"uv":[7.0,3.4375,7.8125,4.4375],"tintindex":0,"rotation":0,"texture":"#0"},"up":{"uv":[9.5,3.4375,8.8125,2.625],"tintindex":0,"rotation":0,"texture":"#0"},"down":{"uv":[9.625,8.5625,8.9375,9.375],"tintindex":0,"rotation":0,"texture":"#0"}},"rotation":{"origin":[8.408507,1.7347245,10.500003],"angle":-22.5,"axis":"x"}},{"from":[2.837738,-4.6523743,14.6224165],"to":[2.837738,11.553497,25.763954],"faces":{"east":{"uv":[8.4375,7.5,7.75,8.5],"tintindex":0,"rotation":0,"texture":"#0"},"west":{"uv":[7.75,7.5,8.4375,8.5],"tintindex":0,"rotation":0,"texture":"#0"}},"rotation":{"origin":[2.867083,8.779343,13.582438],"angle":-22.5,"axis":"x"}}],"display":{"gui":{"rotation":[30,225,0]}}}