{"textures":{"0":"modelengine:entity/arctic_colossus"},"elements":[{"from":[1.606945,-10.459499,0.6483574],"to":[16.79995,9.291407,14.322062],"faces":{"east":{"uv":[4.0625,10.125,4.625,10.9375],"tintindex":0,"rotation":0,"texture":"#0"},"south":{"uv":[9.75,1.1875,10.375,2.0],"tintindex":0,"rotation":0,"texture":"#0"},"north":{"uv":[9.75,1.1875,10.375,2.0],"tintindex":0,"rotation":0,"texture":"#0"},"west":{"uv":[4.0625,10.125,4.625,10.9375],"tintindex":0,"rotation":0,"texture":"#0"},"up":{"uv":[7.1875,11.1875,6.5625,10.625],"tintindex":0,"rotation":0,"texture":"#0"},"down":{"uv":[7.1875,11.1875,6.5625,10.625],"tintindex":0,"rotation":0,"texture":"#0"}}},{"from":[1.606945,-10.459499,14.322062],"to":[1.606945,9.291407,29.51507],"faces":{"east":{"uv":[7.375,9.75,6.75,10.5625],"tintindex":0,"rotation":0,"texture":"#0"},"west":{"uv":[6.75,9.75,7.375,10.5625],"tintindex":0,"rotation":0,"texture":"#0"}}}],"display":{"gui":{"rotation":[30,225,0]}}}