{"textures":{"0":"modelengine:entity/arctic_colossus"},"elements":[{"from":[-2.3708782,-0.7165737,-4.2406197],"to":[18.89933,19.034332,7.913784],"faces":{"east":{"uv":[10.3125,2.625,10.8125,3.4375],"tintindex":0,"rotation":0,"texture":"#0"},"south":{"uv":[7.1875,2.5625,8.0625,3.375],"tintindex":0,"rotation":0,"texture":"#0"},"north":{"uv":[7.1875,2.5625,8.0625,3.375],"tintindex":0,"rotation":0,"texture":"#0"},"west":{"uv":[2.8125,10.3125,3.3125,11.125],"tintindex":0,"rotation":0,"texture":"#0"},"up":{"uv":[11.0,5.5,10.125,5.0],"tintindex":0,"rotation":0,"texture":"#0"},"down":{"uv":[11.0,5.5625,10.125,6.0625],"tintindex":0,"rotation":0,"texture":"#0"}}}],"display":{"gui":{"rotation":[30,225,0]}}}