{"textures":{"0":"modelengine:entity/arctic_colossus"},"elements":[{"from":[12.262037,-9.496761,9.978579],"to":[12.262037,7.7219787,20.10725],"faces":{"east":{"uv":[7.5,8.125,6.875,9.1875],"tintindex":0,"rotation":0,"texture":"#0"},"west":{"uv":[6.875,8.125,7.5,9.1875],"tintindex":0,"rotation":0,"texture":"#0"}},"rotation":{"origin":[9.72987,-0.88739204,9.978579],"angle":22.5,"axis":"x"}},{"from":[2.133366,-9.496761,-0.15009212],"to":[12.262037,7.7219787,9.978579],"faces":{"east":{"uv":[8.75,2.5625,8.125,3.625],"tintindex":0,"rotation":0,"texture":"#0"},"south":{"uv":[6.125,8.0,5.5,9.0625],"tintindex":0,"rotation":0,"texture":"#0"},"north":{"uv":[6.125,8.0,5.5,9.0625],"tintindex":0,"rotation":0,"texture":"#0"},"west":{"uv":[8.75,2.5625,8.125,3.625],"tintindex":0,"rotation":0,"texture":"#0"},"up":{"uv":[3.375,10.9375,4.0,10.3125],"tintindex":0,"rotation":0,"texture":"#0"},"down":{"uv":[3.375,10.9375,4.0,10.3125],"tintindex":0,"rotation":0,"texture":"#0"}},"rotation":{"origin":[9.72987,-0.88739204,9.978579],"angle":22.5,"axis":"x"}}],"display":{"gui":{"rotation":[30,225,0]}}}