{"textures":{"0":"modelengine:entity/arctic_colossus"},"elements":[{"from":[-2.0062513,-2.8534012,5.89824],"to":[14.706055,12.339603,24.129847],"faces":{"east":{"uv":[5.875,9.8125,5.125,10.4375],"tintindex":0,"rotation":0,"texture":"#0"},"south":{"uv":[11.0,0.0,10.3125,0.625],"tintindex":0,"rotation":0,"texture":"#0"},"north":{"uv":[10.6875,10.1875,10.0,10.8125],"tintindex":0,"rotation":0,"texture":"#0"},"west":{"uv":[5.125,9.8125,5.875,10.4375],"tintindex":0,"rotation":0,"texture":"#0"},"up":{"uv":[9.5625,3.375,10.25,2.625],"tintindex":0,"rotation":0,"texture":"#0"},"down":{"uv":[9.5625,2.625,10.25,3.375],"tintindex":0,"rotation":0,"texture":"#0"}},"rotation":{"origin":[6.349901,4.743101,15.014044],"angle":22.5,"axis":"x"}}]}