{"textures":{"0":"modelengine:entity/arctic_colossus"},"elements":[{"from":[10.164185,5.408493,8.980702],"to":[14.215652,16.550032,13.032171],"faces":{"east":{"uv":[11.0,11.8125,10.75,12.5],"tintindex":0,"rotation":0,"texture":"#0"},"south":{"uv":[5.875,11.8125,5.625,12.5],"tintindex":0,"rotation":0,"texture":"#0"},"north":{"uv":[5.875,11.8125,5.625,12.5],"tintindex":0,"rotation":0,"texture":"#0"},"west":{"uv":[11.0,11.8125,10.75,12.5],"tintindex":0,"rotation":0,"texture":"#0"},"up":{"uv":[12.375,4.9375,12.625,4.6875],"tintindex":0,"rotation":0,"texture":"#0"},"down":{"uv":[12.375,5.0,12.625,5.25],"tintindex":0,"rotation":0,"texture":"#0"}},"rotation":{"origin":[13.132917,8.779343,13.582438],"angle":-22.5,"axis":"z"}},{"from":[13.162262,-4.6523743,14.6224165],"to":[13.162262,11.553497,25.763954],"faces":{"east":{"uv":[8.4375,7.5,7.75,8.5],"tintindex":0,"rotation":0,"texture":"#0"},"west":{"uv":[7.75,7.5,8.4375,8.5],"tintindex":0,"rotation":0,"texture":"#0"}},"rotation":{"origin":[13.132917,8.779343,13.582438],"angle":-22.5,"axis":"x"}},{"from":[2.0207243,-6.3682117,3.9163666],"to":[13.162262,9.837662,17.08364],"faces":{"east":{"uv":[7.8125,3.4375,7.0,4.4375],"tintindex":0,"rotation":0,"texture":"#0"},"south":{"uv":[2.3125,7.5,1.625,8.5],"tintindex":0,"rotation":0,"texture":"#0"},"north":{"uv":[2.3125,7.5,1.625,8.5],"tintindex":0,"rotation":0,"texture":"#0"},"west":{"uv":[7.0,3.4375,7.8125,4.4375],"tintindex":0,"rotation":0,"texture":"#0"},"up":{"uv":[8.8125,3.4375,9.5,2.625],"tintindex":0,"rotation":0,"texture":"#0"},"down":{"uv":[8.9375,8.5625,9.625,9.375],"tintindex":0,"rotation":0,"texture":"#0"}},"rotation":{"origin":[7.591493,1.7347245,10.500003],"angle":-22.5,"axis":"x"}},{"from":[12.1899185,3.382759,3.9163666],"to":[15.228519,11.485695,6.9549685],"faces":{"east":{"uv":[12.3125,7.1875,12.125,7.6875],"tintindex":0,"rotation":0,"texture":"#0"},"south":{"uv":[8.0625,11.125,7.875,11.625],"tintindex":0,"rotation":0,"texture":"#0"},"north":{"uv":[8.0625,11.125,7.875,11.625],"tintindex":0,"rotation":0,"texture":"#0"},"west":{"uv":[12.3125,7.1875,12.125,7.6875],"tintindex":0,"rotation":0,"texture":"#0"},"up":{"uv":[7.875,3.625,8.0625,3.4375],"tintindex":0,"rotation":0,"texture":"#0"},"down":{"uv":[3.0625,8.0625,3.25,8.25],"tintindex":0,"rotation":0,"texture":"#0"}},"rotation":{"origin":[13.132917,8.779343,13.582438],"angle":-22.5,"axis":"z"}}]}