{"textures":{"0":"modelengine:entity/arctic_colossus"},"elements":[{"from":[-1.1158037,19.24456,-8.417778],"to":[-1.1158037,29.37323,11.839562],"faces":{"east":{"uv":[8.4375,1.875,7.1875,2.5],"tintindex":0,"rotation":0,"texture":"#0"},"west":{"uv":[7.1875,1.875,8.4375,2.5],"tintindex":0,"rotation":0,"texture":"#0"}},"rotation":{"origin":[9.012867,17.218826,1.7108917],"angle":22.5,"axis":"x"}},{"from":[-1.1158037,1.0129533,-8.417778],"to":[19.141539,19.24456,11.839562],"faces":{"east":{"uv":[4.25,4.9375,3.0,6.0625],"tintindex":0,"rotation":0,"texture":"#0"},"south":{"uv":[4.375,3.6875,5.625,4.8125],"tintindex":0,"rotation":0,"texture":"#0"},"north":{"uv":[4.375,3.6875,5.625,4.8125],"tintindex":0,"rotation":0,"texture":"#0"},"west":{"uv":[3.0,4.9375,4.25,6.0625],"tintindex":0,"rotation":0,"texture":"#0"},"up":{"uv":[4.625,3.625,3.375,2.375],"tintindex":0,"rotation":0,"texture":"#0"},"down":{"uv":[2.9375,3.6875,1.6875,4.9375],"tintindex":0,"rotation":0,"texture":"#0"}},"rotation":{"origin":[9.012867,17.218826,1.7108917],"angle":22.5,"axis":"x"}},{"from":[19.141539,19.24456,-8.417778],"to":[19.141539,29.37323,11.839562],"faces":{"east":{"uv":[8.4375,1.875,7.1875,2.5],"tintindex":0,"rotation":0,"texture":"#0"},"west":{"uv":[7.1875,1.875,8.4375,2.5],"tintindex":0,"rotation":0,"texture":"#0"}},"rotation":{"origin":[9.012867,17.218826,1.7108917],"angle":22.5,"axis":"x"}},{"from":[6.987133,14.976344,-5.85553],"to":[11.038601,25.105015,-1.8040609],"faces":{"east":{"uv":[2.1875,11.875,2.4375,12.5],"tintindex":0,"rotation":0,"texture":"#0"},"south":{"uv":[5.125,7.0,5.375,7.625],"tintindex":0,"rotation":0,"texture":"#0"},"north":{"uv":[5.125,7.0,5.375,7.625],"tintindex":0,"rotation":0,"texture":"#0"},"west":{"uv":[2.1875,11.875,2.4375,12.5],"tintindex":0,"rotation":0,"texture":"#0"},"up":{"uv":[6.8125,12.5625,6.5625,12.3125],"tintindex":0,"rotation":0,"texture":"#0"},"down":{"uv":[12.5625,12.25,12.3125,12.5],"tintindex":0,"rotation":0,"texture":"#0"}},"rotation":{"origin":[9.012867,17.218826,1.7108917],"angle":45.0,"axis":"x"}}]}