{"textures":{"0":"modelengine:entity/snowplosion_rsc"},"elements":[{"from":[8.0,8.0,-2.666667],"to":[8.0,29.333334,18.666668],"faces":{"east":{"uv":[8.0005,13.0005,8.999,13.999],"tintindex":0,"rotation":0,"texture":"#0"},"south":{"uv":[-0.03175,0.001,-0.047875,7.999],"tintindex":0,"rotation":0,"texture":"#0"},"north":{"uv":[-0.03175,0.001,-0.047875,7.999],"tintindex":0,"rotation":0,"texture":"#0"},"west":{"uv":[8.999,13.0005,8.0005,13.999],"tintindex":0,"rotation":0,"texture":"#0"},"up":{"uv":[0.001,-0.03175,7.999,-0.047875],"tintindex":0,"rotation":90,"texture":"#0"},"down":{"uv":[0.001,-0.03175,7.999,-0.047875],"tintindex":0,"rotation":270,"texture":"#0"}}},{"from":[-2.666667,8.0,8.0],"to":[18.666668,29.333334,8.0],"faces":{"east":{"uv":[-0.03175,0.001,-0.047875,7.999],"tintindex":0,"rotation":0,"texture":"#0"},"south":{"uv":[8.0005,13.0005,8.999,13.999],"tintindex":0,"rotation":0,"texture":"#0"},"north":{"uv":[8.999,13.0005,8.0005,13.999],"tintindex":0,"rotation":0,"texture":"#0"},"west":{"uv":[-0.03175,0.001,-0.047875,7.999],"tintindex":0,"rotation":0,"texture":"#0"},"up":{"uv":[0.001,-0.03175,7.999,-0.047875],"tintindex":0,"rotation":180,"texture":"#0"},"down":{"uv":[0.001,-0.03175,7.999,-0.047875],"tintindex":0,"rotation":180,"texture":"#0"}}}],"display":{"gui":{"rotation":[30,225,0]}}}