{"textures":{"0":"modelengine:entity/lr_anubis_souls"},"elements":[{"from":[8.316225,-4.3930607,-2.7895803],"to":[14.816225,1.1069393,-2.7895803],"faces":{"south":{"uv":[6.5,0.0,0.0,5.5],"tintindex":0,"rotation":0,"texture":"#0"},"north":{"uv":[0.0,0.0,6.5,5.5],"tintindex":0,"rotation":0,"texture":"#0"}},"rotation":{"origin":[10.248938,10.75,-4.0099497],"angle":-22.5,"axis":"y"}},{"from":[1.3096447,-4.3930607,-0.9718342],"to":[7.8096447,1.1069393,-0.9718342],"faces":{"south":{"uv":[13.0,0.0,6.5,5.5],"tintindex":0,"rotation":0,"texture":"#0"},"north":{"uv":[6.5,0.0,13.0,5.5],"tintindex":0,"rotation":0,"texture":"#0"}},"rotation":{"origin":[1.2411127,8.0,-2.7662277],"angle":22.5,"axis":"y"}}],"display":{"gui":{"rotation":[30,225,0]}}}