{"textures":{"1":"modelengine:entity/hp3_werewolf"},"elements":[{"from":[4.2071066,-4.666666,11.54044],"to":[4.2071066,11.333334,17.54044],"faces":{"east":{"uv":[5.25,4.0,4.5,6.0],"tintindex":0,"rotation":0,"texture":"#1"},"west":{"uv":[4.5,4.0,5.25,6.0],"tintindex":0,"rotation":0,"texture":"#1"}},"rotation":{"origin":[4.2071066,-1.166666,13.54044],"angle":45.0,"axis":"y"}},{"from":[2.7928934,-4.666666,4.1262264],"to":[7.7928934,2.333334,12.126226],"faces":{"east":{"uv":[6.75,1.25,7.75,2.125],"tintindex":0,"rotation":0,"texture":"#1"},"south":{"uv":[9.125,8.375,9.75,9.25],"tintindex":0,"rotation":0,"texture":"#1"},"north":{"uv":[7.25,9.125,7.875,10.0],"tintindex":0,"rotation":0,"texture":"#1"},"west":{"uv":[6.75,5.625,7.75,6.5],"tintindex":0,"rotation":0,"texture":"#1"},"up":{"uv":[9.25,2.5,8.625,1.5],"tintindex":0,"rotation":0,"texture":"#1"},"down":{"uv":[2.875,8.625,2.25,9.625],"tintindex":0,"rotation":0,"texture":"#1"}}},{"from":[1.7928934,2.333334,3.1262264],"to":[7.7928934,11.333334,12.126226],"faces":{"east":{"uv":[5.25,3.375,6.375,4.5],"tintindex":0,"rotation":0,"texture":"#1"},"south":{"uv":[7.0,0.0,7.75,1.125],"tintindex":0,"rotation":0,"texture":"#1"},"north":{"uv":[6.0,6.875,6.75,8.0],"tintindex":0,"rotation":0,"texture":"#1"},"west":{"uv":[5.25,4.5,6.375,5.625],"tintindex":0,"rotation":0,"texture":"#1"},"up":{"uv":[7.875,3.25,7.125,2.125],"tintindex":0,"rotation":0,"texture":"#1"},"down":{"uv":[4.75,7.25,4.0,8.375],"tintindex":0,"rotation":0,"texture":"#1"}}}],"display":{"gui":{"rotation":[30,225,0]}}}