{"textures":{"1":"modelengine:entity/hp3_werewolf"},"elements":[{"from":[8.207107,-4.666666,4.1262264],"to":[13.207107,2.333334,12.126226],"faces":{"east":{"uv":[7.75,5.625,6.75,6.5],"tintindex":0,"rotation":0,"texture":"#1"},"south":{"uv":[9.75,8.375,9.125,9.25],"tintindex":0,"rotation":0,"texture":"#1"},"north":{"uv":[7.875,9.125,7.25,10.0],"tintindex":0,"rotation":0,"texture":"#1"},"west":{"uv":[7.75,1.25,6.75,2.125],"tintindex":0,"rotation":0,"texture":"#1"},"up":{"uv":[8.625,2.5,9.25,1.5],"tintindex":0,"rotation":0,"texture":"#1"},"down":{"uv":[2.25,8.625,2.875,9.625],"tintindex":0,"rotation":0,"texture":"#1"}}},{"from":[8.207107,2.333334,3.1262264],"to":[14.207107,11.333334,12.126226],"faces":{"east":{"uv":[6.375,4.5,5.25,5.625],"tintindex":0,"rotation":0,"texture":"#1"},"south":{"uv":[7.75,0.0,7.0,1.125],"tintindex":0,"rotation":0,"texture":"#1"},"north":{"uv":[6.75,6.875,6.0,8.0],"tintindex":0,"rotation":0,"texture":"#1"},"west":{"uv":[6.375,3.375,5.25,4.5],"tintindex":0,"rotation":0,"texture":"#1"},"up":{"uv":[7.125,3.25,7.875,2.125],"tintindex":0,"rotation":0,"texture":"#1"},"down":{"uv":[4.0,7.25,4.75,8.375],"tintindex":0,"rotation":0,"texture":"#1"}}},{"from":[11.792893,-4.666666,11.54044],"to":[11.792893,11.333334,17.54044],"faces":{"east":{"uv":[5.25,4.0,4.5,6.0],"tintindex":0,"rotation":0,"texture":"#1"},"west":{"uv":[4.5,4.0,5.25,6.0],"tintindex":0,"rotation":0,"texture":"#1"}},"rotation":{"origin":[11.792893,-1.166666,13.54044],"angle":-45.0,"axis":"y"}}]}