{"textures":{"1":"modelengine:entity/hp3_werewolf"},"elements":[{"from":[3.9869618,-3.166666,7.986962],"to":[11.986961,7.833333,7.986962],"faces":{"south":{"uv":[5.25,0.0,6.25,1.375],"tintindex":0,"rotation":0,"texture":"#1"},"north":{"uv":[5.25,0.0,6.25,1.375],"tintindex":0,"rotation":0,"texture":"#1"}}},{"from":[8.026076,-3.166666,4.026077],"to":[8.026076,7.833333,12.026077],"faces":{"east":{"uv":[0.0,5.25,1.0,6.625],"tintindex":0,"rotation":0,"texture":"#1"},"west":{"uv":[0.0,5.25,1.0,6.625],"tintindex":0,"rotation":0,"texture":"#1"}}},{"from":[5.9869614,0.8333335,5.986962],"to":[9.986961,7.833333,9.986961],"faces":{"east":{"uv":[9.125,9.25,9.625,10.125],"tintindex":0,"rotation":0,"texture":"#1"},"south":{"uv":[5.75,9.375,6.25,10.25],"tintindex":0,"rotation":0,"texture":"#1"},"north":{"uv":[4.0,9.125,4.5,10.0],"tintindex":0,"rotation":0,"texture":"#1"},"west":{"uv":[6.25,9.375,6.75,10.25],"tintindex":0,"rotation":0,"texture":"#1"},"up":{"uv":[5.0,2.5,4.5,2.0],"tintindex":0,"rotation":0,"texture":"#1"},"down":{"uv":[10.875,3.125,10.375,3.625],"tintindex":0,"rotation":0,"texture":"#1"}}}],"display":{"gui":{"rotation":[30,225,0]}}}