{"textures":{"0":"modelengine:entity/mid_npc"},"elements":[{"from":[5.517464,5.8658743,2.17169],"to":[10.467464,9.901922,6.207738],"faces":{"east":{"uv":[12.375,6.375,12.875,6.875],"tintindex":0,"rotation":0,"texture":"#0"},"south":{"uv":[12.0,8.125,12.625,8.625],"tintindex":0,"rotation":0,"texture":"#0"},"north":{"uv":[7.75,12.0,8.375,12.5],"tintindex":0,"rotation":0,"texture":"#0"},"west":{"uv":[12.375,6.875,12.875,7.375],"tintindex":0,"rotation":0,"texture":"#0"},"up":{"uv":[12.625,9.125,12.0,8.625],"tintindex":0,"rotation":0,"texture":"#0"},"down":{"uv":[10.875,12.0,10.25,12.5],"tintindex":0,"rotation":0,"texture":"#0"}},"rotation":{"origin":[21.6003,2.987897,5.378853],"angle":45.0,"axis":"x"}},{"from":[5.44668,-5.872219,4.938976],"to":[10.568392,7.29074,11.061024],"faces":{"east":{"uv":[5.0,9.0,5.75,10.625],"tintindex":0,"rotation":0,"texture":"#0"},"south":{"uv":[10.25,5.375,9.625,7.0],"tintindex":0,"rotation":0,"texture":"#0"},"north":{"uv":[9.625,5.375,10.25,7.0],"tintindex":0,"rotation":0,"texture":"#0"},"west":{"uv":[5.75,9.0,5.0,10.625],"tintindex":0,"rotation":0,"texture":"#0"},"up":{"uv":[12.125,4.125,11.5,3.375],"tintindex":0,"rotation":0,"texture":"#0"},"down":{"uv":[12.125,4.125,11.5,4.875],"tintindex":0,"rotation":0,"texture":"#0"}}}],"display":{"gui":{"rotation":[30,225,0]}}}