{"textures":{"1":"modelengine:entity/herald_of_light"},"elements":[{"from":[6.6666665,-12.333334,6.333333],"to":[8.666667,-4.333334,10.333334],"faces":{"east":{"uv":[13.9375,5.5,14.6875,8.5],"tintindex":0,"rotation":0,"texture":"#1"},"south":{"uv":[13.625,5.5,14.0,8.5],"tintindex":0,"rotation":0,"texture":"#1"},"north":{"uv":[14.625,5.5,15.0,8.5],"tintindex":0,"rotation":0,"texture":"#1"},"west":{"uv":[14.9375,5.5,15.6875,8.5],"tintindex":0,"rotation":0,"texture":"#1"},"down":{"uv":[15.0625,0.75,14.3125,0.0],"tintindex":0,"rotation":90,"texture":"#1"}},"rotation":{"origin":[7.3333335,-4.333334,6.333333],"angle":-22.5,"axis":"x"}},{"from":[6.633333,-4.366667,6.3],"to":[8.7,8.366667,10.033334],"faces":{"east":{"uv":[13.4375,0.75,14.125,5.5],"tintindex":0,"rotation":0,"texture":"#1"},"south":{"uv":[13.5,0.75,13.125,5.5],"tintindex":0,"rotation":0,"texture":"#1"},"north":{"uv":[14.0625,0.75,14.4375,5.5],"tintindex":0,"rotation":0,"texture":"#1"},"west":{"uv":[14.375,0.75,15.0625,5.5],"tintindex":0,"rotation":0,"texture":"#1"},"up":{"uv":[13.4375,0.0,14.125,0.75],"tintindex":0,"rotation":90,"texture":"#1"}}}],"display":{"gui":{"rotation":[30,225,0]}}}