{"textures":{"0":"modelengine:entity/frostbear"},"elements":[{"from":[11.0,5.3092213,-3.9587898],"to":[12.0,9.309221,-2.9587898],"faces":{"east":{"uv":[4.8125,1.0625,4.75,1.3125],"tintindex":0,"rotation":0,"texture":"#0"},"south":{"uv":[4.8125,0.8125,4.75,1.0625],"tintindex":0,"rotation":0,"texture":"#0"},"north":{"uv":[2.375,3.3125,2.3125,3.5625],"tintindex":0,"rotation":0,"texture":"#0"},"west":{"uv":[2.375,3.5625,2.3125,3.8125],"tintindex":0,"rotation":0,"texture":"#0"},"up":{"uv":[2.375,1.3125,2.4375,1.25],"tintindex":0,"rotation":0,"texture":"#0"},"down":{"uv":[2.4375,1.25,2.5,1.3125],"tintindex":0,"rotation":0,"texture":"#0"}},"rotation":{"origin":[8.0,5.807535,-5.1632023],"angle":-45.0,"axis":"x"}},{"from":[6.0,1.4171314,-6.5286255],"to":[8.0,5.4171314,-5.5286255],"faces":{"east":{"uv":[4.8125,3.875,4.875,4.125],"tintindex":0,"rotation":0,"texture":"#0"},"south":{"uv":[4.8125,1.0625,4.9375,1.3125],"tintindex":0,"rotation":0,"texture":"#0"},"north":{"uv":[4.8125,0.8125,4.9375,1.0625],"tintindex":0,"rotation":0,"texture":"#0"},"west":{"uv":[4.8125,4.125,4.875,4.375],"tintindex":0,"rotation":0,"texture":"#0"},"up":{"uv":[2.625,1.3125,2.5,1.25],"tintindex":0,"rotation":0,"texture":"#0"},"down":{"uv":[3.25,0.875,3.125,0.9375],"tintindex":0,"rotation":0,"texture":"#0"}},"rotation":{"origin":[8.0,5.807535,-5.1632023],"angle":-45.0,"axis":"x"}},{"from":[2.0,5.722534,2.9223404],"to":[14.0,15.722534,9.92234],"faces":{"east":{"uv":[5.25,0.0,5.6875,0.625],"tintindex":0,"rotation":0,"texture":"#0"},"south":{"uv":[5.9375,4.8125,6.6875,5.4375],"tintindex":0,"rotation":0,"texture":"#0"},"north":{"uv":[5.75,5.875,6.5,6.5],"tintindex":0,"rotation":0,"texture":"#0"},"west":{"uv":[5.25,0.625,5.6875,1.25],"tintindex":0,"rotation":0,"texture":"#0"},"up":{"uv":[3.75,5.0625,3.0,4.625],"tintindex":0,"rotation":0,"texture":"#0"},"down":{"uv":[6.75,0.0,6.0,0.4375],"tintindex":0,"rotation":0,"texture":"#0"}},"rotation":{"origin":[7.0,10.222534,0.4223404],"angle":22.5,"axis":"x"}},{"from":[4.0,5.3092213,-3.9587898],"to":[5.0,9.309221,-2.9587898],"faces":{"east":{"uv":[2.3125,3.5625,2.375,3.8125],"tintindex":0,"rotation":0,"texture":"#0"},"south":{"uv":[4.75,0.8125,4.8125,1.0625],"tintindex":0,"rotation":0,"texture":"#0"},"north":{"uv":[2.3125,3.3125,2.375,3.5625],"tintindex":0,"rotation":0,"texture":"#0"},"west":{"uv":[4.75,1.0625,4.8125,1.3125],"tintindex":0,"rotation":0,"texture":"#0"},"up":{"uv":[2.4375,1.3125,2.375,1.25],"tintindex":0,"rotation":0,"texture":"#0"},"down":{"uv":[2.5,1.25,2.4375,1.3125],"tintindex":0,"rotation":0,"texture":"#0"}},"rotation":{"origin":[8.0,5.807535,-5.1632023],"angle":-45.0,"axis":"x"}},{"from":[11.0,12.347164,0.8367977],"to":[15.0,16.347164,2.8367977],"faces":{"east":{"uv":[3.125,3.5,3.0,3.75],"tintindex":0,"rotation":0,"texture":"#0"},"south":{"uv":[3.875,5.8125,3.625,6.0625],"tintindex":0,"rotation":0,"texture":"#0"},"north":{"uv":[2.25,5.8125,2.0,6.0625],"tintindex":0,"rotation":0,"texture":"#0"},"west":{"uv":[3.125,3.25,3.0,3.5],"tintindex":0,"rotation":0,"texture":"#0"},"up":{"uv":[2.625,2.3125,2.875,2.1875],"tintindex":0,"rotation":0,"texture":"#0"},"down":{"uv":[2.875,2.1875,3.125,2.3125],"tintindex":0,"rotation":0,"texture":"#0"}}},{"from":[6.5,3.7225342,3.9223404],"to":[9.5,5.722534,6.9223404],"faces":{"east":{"uv":[3.75,0.5,3.9375,0.625],"tintindex":0,"rotation":0,"texture":"#0"},"south":{"uv":[3.75,2.125,3.9375,2.25],"tintindex":0,"rotation":0,"texture":"#0"},"north":{"uv":[3.75,0.375,3.9375,0.5],"tintindex":0,"rotation":0,"texture":"#0"},"west":{"uv":[3.75,2.25,3.9375,2.375],"tintindex":0,"rotation":0,"texture":"#0"},"up":{"uv":[3.9375,0.1875,3.75,0.0],"tintindex":0,"rotation":0,"texture":"#0"},"down":{"uv":[3.9375,0.1875,3.75,0.375],"tintindex":0,"rotation":0,"texture":"#0"}},"rotation":{"origin":[11.5,10.222534,0.4223404],"angle":22.5,"axis":"x"}},{"from":[8.0,10.347162,-8.163202],"to":[8.0,22.347164,8.836798],"faces":{"east":{"uv":[6.125,6.5,5.0625,7.25],"tintindex":0,"rotation":0,"texture":"#0"},"west":{"uv":[5.0625,6.5,6.125,7.25],"tintindex":0,"rotation":0,"texture":"#0"}}},{"from":[5.0,4.8471622,-6.6632023],"to":[11.0,8.847162,-2.6632023],"faces":{"east":{"uv":[1.125,5.8125,1.375,6.0625],"tintindex":0,"rotation":0,"texture":"#0"},"south":{"uv":[4.5,2.5,4.875,2.75],"tintindex":0,"rotation":0,"texture":"#0"},"north":{"uv":[2.0,3.875,2.375,4.125],"tintindex":0,"rotation":0,"texture":"#0"},"west":{"uv":[1.375,5.8125,1.625,6.0625],"tintindex":0,"rotation":0,"texture":"#0"},"up":{"uv":[6.0625,0.875,5.6875,0.625],"tintindex":0,"rotation":0,"texture":"#0"},"down":{"uv":[6.0625,0.875,5.6875,1.125],"tintindex":0,"rotation":0,"texture":"#0"}},"rotation":{"origin":[8.0,5.807535,-5.1632023],"angle":-22.5,"axis":"x"}},{"from":[4.75,-12.277466,1.9223404],"to":[11.25,4.722534,1.9223404],"faces":{"south":{"uv":[3.03125,6.0,2.625,7.0625],"tintindex":0,"rotation":0,"texture":"#0"},"north":{"uv":[2.625,6.0,3.03125,7.0625],"tintindex":0,"rotation":0,"texture":"#0"}}},{"from":[9.0,3.4171314,-6.5286255],"to":[10.0,5.4171314,-5.5286255],"faces":{"east":{"uv":[4.75,3.875,4.8125,4.0],"tintindex":0,"rotation":0,"texture":"#0"},"south":{"uv":[4.8125,1.3125,4.875,1.4375],"tintindex":0,"rotation":0,"texture":"#0"},"north":{"uv":[4.75,1.3125,4.8125,1.4375],"tintindex":0,"rotation":0,"texture":"#0"},"west":{"uv":[2.3125,4.8125,2.375,4.9375],"tintindex":0,"rotation":0,"texture":"#0"},"up":{"uv":[3.3125,0.9375,3.25,0.875],"tintindex":0,"rotation":0,"texture":"#0"},"down":{"uv":[3.375,0.875,3.3125,0.9375],"tintindex":0,"rotation":0,"texture":"#0"}},"rotation":{"origin":[8.0,5.807535,-5.1632023],"angle":-45.0,"axis":"x"}},{"from":[8.165367,10.294922,-8.163202],"to":[8.165367,22.294922,8.836798],"faces":{"east":{"uv":[6.125,6.5,5.0625,7.25],"tintindex":0,"rotation":0,"texture":"#0"},"west":{"uv":[5.0625,6.5,6.125,7.25],"tintindex":0,"rotation":0,"texture":"#0"}},"rotation":{"origin":[8.165367,12.294922,0.3367977],"angle":-22.5,"axis":"z"}},{"from":[1.0,12.347164,0.8367977],"to":[5.0,16.347164,2.8367977],"faces":{"east":{"uv":[3.0,3.25,3.125,3.5],"tintindex":0,"rotation":0,"texture":"#0"},"south":{"uv":[3.625,5.8125,3.875,6.0625],"tintindex":0,"rotation":0,"texture":"#0"},"north":{"uv":[2.0,5.8125,2.25,6.0625],"tintindex":0,"rotation":0,"texture":"#0"},"west":{"uv":[3.0,3.5,3.125,3.75],"tintindex":0,"rotation":0,"texture":"#0"},"up":{"uv":[2.875,2.3125,2.625,2.1875],"tintindex":0,"rotation":0,"texture":"#0"},"down":{"uv":[3.125,2.1875,2.875,2.3125],"tintindex":0,"rotation":0,"texture":"#0"}}},{"from":[3.0,5.3471622,-4.1632023],"to":[13.0,14.347164,4.8367977],"faces":{"east":{"uv":[3.75,4.6875,4.3125,5.25],"tintindex":0,"rotation":0,"texture":"#0"},"south":{"uv":[4.375,2.75,5.0,3.3125],"tintindex":0,"rotation":0,"texture":"#0"},"north":{"uv":[4.3125,1.5,4.9375,2.0625],"tintindex":0,"rotation":0,"texture":"#0"},"west":{"uv":[4.3125,4.6875,4.875,5.25],"tintindex":0,"rotation":0,"texture":"#0"},"up":{"uv":[5.0,3.875,4.375,3.3125],"tintindex":0,"rotation":0,"texture":"#0"},"down":{"uv":[5.125,0.0,4.5,0.5625],"tintindex":0,"rotation":0,"texture":"#0"}}},{"from":[7.0,7.3471622,-7.1632023],"to":[9.0,9.347162,-5.1632023],"faces":{"east":{"uv":[4.375,3.875,4.5,4.0],"tintindex":0,"rotation":0,"texture":"#0"},"south":{"uv":[4.5,3.875,4.625,4.0],"tintindex":0,"rotation":0,"texture":"#0"},"north":{"uv":[3.0,3.75,3.125,3.875],"tintindex":0,"rotation":0,"texture":"#0"},"west":{"uv":[4.625,3.875,4.75,4.0],"tintindex":0,"rotation":0,"texture":"#0"},"up":{"uv":[4.875,0.6875,4.75,0.5625],"tintindex":0,"rotation":0,"texture":"#0"},"down":{"uv":[4.875,0.6875,4.75,0.8125],"tintindex":0,"rotation":0,"texture":"#0"}},"rotation":{"origin":[8.0,5.807535,-5.1632023],"angle":-22.5,"axis":"x"}},{"from":[-0.18198013,5.3471622,-5.481222],"to":[-0.18198013,14.347164,3.5187788],"faces":{"east":{"uv":[5.625,5.9375,5.0625,6.5],"tintindex":0,"rotation":0,"texture":"#0"},"west":{"uv":[5.0625,5.9375,5.625,6.5],"tintindex":0,"rotation":0,"texture":"#0"}},