{"textures":{"0":"modelengine:entity/frostbear"},"elements":[{"from":[3.25,6.896948,-0.908823],"to":[12.75,14.896948,9.591177],"faces":{"east":{"uv":[0.0,1.3125,1.3125,2.3125],"tintindex":0,"rotation":0,"texture":"#0"},"south":{"uv":[1.1875,2.3125,2.375,3.3125],"tintindex":0,"rotation":0,"texture":"#0"},"north":{"uv":[0.0,2.3125,1.1875,3.3125],"tintindex":0,"rotation":0,"texture":"#0"},"west":{"uv":[1.3125,1.3125,2.625,2.3125],"tintindex":0,"rotation":0,"texture":"#0"},"up":{"uv":[1.1875,1.3125,0.0,0.0],"tintindex":0,"rotation":0,"texture":"#0"},"down":{"uv":[2.375,0.0,1.1875,1.3125],"tintindex":0,"rotation":0,"texture":"#0"}},"rotation":{"origin":[8.0,12.896948,2.3411775],"angle":22.5,"axis":"x"}},{"from":[9.75,13.186042,1.6378055],"to":[11.75,19.18604,3.6378055],"faces":{"east":{"uv":[1.375,6.6875,1.125,7.4375],"tintindex":0,"rotation":0,"texture":"#0"},"south":{"uv":[1.375,6.6875,1.125,7.4375],"tintindex":0,"rotation":0,"texture":"#0"},"north":{"uv":[1.375,6.6875,1.125,7.4375],"tintindex":0,"rotation":0,"texture":"#0"},"west":{"uv":[1.375,6.6875,1.125,7.4375],"tintindex":0,"rotation":0,"texture":"#0"},"up":{"uv":[4.1875,2.375,4.4375,2.125],"tintindex":0,"rotation":0,"texture":"#0"},"down":{"uv":[0.625,5.625,0.875,5.875],"tintindex":0,"rotation":0,"texture":"#0"}},"rotation":{"origin":[8.0,15.186041,3.1378055],"angle":-22.5,"axis":"z"}},{"from":[9.75,2.9435759,9.302084],"to":[11.75,4.943576,15.302084],"faces":{"east":{"uv":[6.6875,5.1875,7.4375,5.4375],"tintindex":0,"rotation":0,"texture":"#0"},"south":{"uv":[6.25,1.1875,6.5,1.4375],"tintindex":0,"rotation":0,"texture":"#0"},"north":{"uv":[2.875,5.6875,3.125,5.9375],"tintindex":0,"rotation":0,"texture":"#0"},"west":{"uv":[6.6875,5.1875,7.4375,5.4375],"tintindex":0,"rotation":180,"texture":"#0"},"up":{"uv":[6.6875,5.1875,7.4375,5.4375],"tintindex":0,"rotation":270,"texture":"#0"},"down":{"uv":[6.6875,5.1875,7.4375,5.4375],"tintindex":0,"rotation":90,"texture":"#0"}},"rotation":{"origin":[8.0,-2.5564241,-15.197916],"angle":-22.5,"axis":"x"}},{"from":[4.25,2.9435759,9.302084],"to":[6.25,4.943576,15.302084],"faces":{"east":{"uv":[7.4375,5.1875,6.6875,5.4375],"tintindex":0,"rotation":180,"texture":"#0"},"south":{"uv":[6.5,1.1875,6.25,1.4375],"tintindex":0,"rotation":0,"texture":"#0"},"north":{"uv":[3.125,5.6875,2.875,5.9375],"tintindex":0,"rotation":0,"texture":"#0"},"west":{"uv":[7.4375,5.1875,6.6875,5.4375],"tintindex":0,"rotation":0,"texture":"#0"},"up":{"uv":[6.6875,5.4375,7.4375,5.1875],"tintindex":0,"rotation":270,"texture":"#0"},"down":{"uv":[6.6875,5.4375,7.4375,5.1875],"tintindex":0,"rotation":90,"texture":"#0"}},"rotation":{"origin":[8.0,-2.5564241,-15.197916],"angle":-22.5,"axis":"x"}},{"from":[3.25,2.9116488,-2.498991],"to":[12.75,7.9116488,-2.498991],"faces":{"east":{"uv":[5.5625,1.5,6.75,2.125],"tintindex":0,"rotation":0,"texture":"#0"},"south":{"uv":[5.5625,1.5,6.75,2.125],"tintindex":0,"rotation":0,"texture":"#0"},"north":{"uv":[5.5625,1.5,6.75,2.125],"tintindex":0,"rotation":0,"texture":"#0"},"west":{"uv":[5.5625,1.5,6.75,2.125],"tintindex":0,"rotation":0,"texture":"#0"},"up":{"uv":[5.5625,1.5,6.75,2.125],"tintindex":0,"rotation":0,"texture":"#0"},"down":{"uv":[5.5625,1.5,6.75,2.125],"tintindex":0,"rotation":0,"texture":"#0"}},"rotation":{"origin":[8.0,5.4116488,-2.498991],"angle":-22.5,"axis":"x"}},{"from":[6.5,12.686042,0.63780546],"to":[9.5,18.68604,3.6378055],"faces":{"east":{"uv":[6.4375,0.4375,6.8125,1.1875],"tintindex":0,"rotation":0,"texture":"#0"},"south":{"uv":[6.125,6.5,6.5,7.25],"tintindex":0,"rotation":0,"texture":"#0"},"north":{"uv":[6.125,6.5,6.5,7.25],"tintindex":0,"rotation":0,"texture":"#0"},"west":{"uv":[6.125,6.5,6.5,7.25],"tintindex":0,"rotation":0,"texture":"#0"},"up":{"uv":[3.75,0.8125,3.375,0.4375],"tintindex":0,"rotation":0,"texture":"#0"},"down":{"uv":[3.0,3.6875,2.625,4.0625],"tintindex":0,"rotation":0,"texture":"#0"}}},{"from":[4.25,13.186042,1.6378055],"to":[6.25,19.18604,3.6378055],"faces":{"east":{"uv":[1.125,6.6875,1.375,7.4375],"tintindex":0,"rotation":0,"texture":"#0"},"south":{"uv":[1.125,6.6875,1.375,7.4375],"tintindex":0,"rotation":0,"texture":"#0"},"north":{"uv":[1.125,6.6875,1.375,7.4375],"tintindex":0,"rotation":0,"texture":"#0"},"west":{"uv":[1.125,6.6875,1.375,7.4375],"tintindex":0,"rotation":0,"texture":"#0"},"up":{"uv":[4.4375,2.375,4.1875,2.125],"tintindex":0,"rotation":0,"texture":"#0"},"down":{"uv":[0.875,5.625,0.625,5.875],"tintindex":0,"rotation":0,"texture":"#0"}},"rotation":{"origin":[8.0,15.186041,3.1378055],"angle":22.5,"axis":"z"}},{"from":[6.25,15.186041,5.2628055],"to":[9.75,22.18604,8.262806],"faces":{"east":{"uv":[3.875,5.8125,4.25,6.6875],"tintindex":0,"rotation":0,"texture":"#0"},"south":{"uv":[1.5625,4.3125,2.0,5.1875],"tintindex":0,"rotation":0,"texture":"#0"},"north":{"uv":[1.5625,4.3125,2.0,5.1875],"tintindex":0,"rotation":0,"texture":"#0"},"west":{"uv":[1.8125,6.0625,2.1875,6.9375],"tintindex":0,"rotation":0,"texture":"#0"},"up":{"uv":[6.9375,6.5625,6.5,6.1875],"tintindex":0,"rotation":0,"texture":"#0"},"down":{"uv":[6.9375,6.5625,6.5,6.9375],"tintindex":0,"rotation":0,"texture":"#0"}},"rotation":{"origin":[8.0,18.18604,2.6378055],"angle":22.5,"axis":"x"}},{"from":[10.75,15.186041,4.1378055],"to":[12.75,21.18604,6.1378055],"faces":{"east":{"uv":[4.8125,6.625,4.5625,7.375],"tintindex":0,"rotation":0,"texture":"#0"},"south":{"uv":[4.5625,6.625,4.3125,7.375],"tintindex":0,"rotation":0,"texture":"#0"},"north":{"uv":[4.8125,6.625,4.5625,7.375],"tintindex":0,"rotation":0,"texture":"#0"},"west":{"uv":[4.8125,6.625,4.5625,7.375],"tintindex":0,"rotation":0,"texture":"#0"},"up":{"uv":[3.9375,2.375,4.1875,2.125],"tintindex":0,"rotation":0,"texture":"#0"},"down":{"uv":[4.1875,0.3125,4.4375,0.5625],"tintindex":0,"rotation":0,"texture":"#0"}},"rotation":{"origin":[8.0,16.68604,3.1378055],"angle":-45.0,"axis":"z"}},{"from":[3.25,7.2929096,-1.5517979],"to":[12.75,12.29291,-1.5517979],"faces":{"east":{"uv":[0.625,6.0625,1.8125,6.6875],"tintindex":0,"rotation":0,"texture":"#0"},"south":{"uv":[0.625,6.0625,1.8125,6.6875],"tintindex":0,"rotation":0,"texture":"#0"},"north":{"uv":[0.625,6.0625,1.8125,6.6875],"tintindex":0,"rotation":0,"texture":"#0"},"west":{"uv":[0.625,6.0625,1.8125,6.6875],"tintindex":0,"rotation":0,"texture":"#0"},"up":{"uv":[0.625,6.0625,1.8125,6.6875],"tintindex":0,"rotation":0,"texture":"#0"},"down":{"uv":[0.625,6.0625,1.8125,6.6875],"tintindex":0,"rotation":0,"texture":"#0"}},"rotation":{"origin":[8.0,12.29291,-1.4267979],"angle":22.5,"axis":"x"}},{"from":[7.0,11.472588,6.2213287],"to":[9.0,13.472588,9.221329],"faces":{"east":{"uv":[6.8125,0.75,7.1875,1.0],"tintindex":0,"rotation":0,"texture":"#0"},"south":{"uv":[6.875,5.9375,7.125,6.1875],"tintindex":0,"rotation":0,"texture":"#0"},"north":{"uv":[6.5,1.1875,6.75,1.4375],"tintindex":0,"rotation":0,"texture":"#0"},"west":{"uv":[6.875,2.125,7.25,2.375],"tintindex":0,"rotation":0,"texture":"#0"},"up":{"uv":[6.8125,0.75,7.1875,1.0],"tintindex":0,"rotation":270,"texture":"#0"},"down":{"uv":[6.8125,0.75,7.1875,1.0],"tintindex":0,"rotation":90,"texture":"#0"}},"rotation":{"origin":[8.0,13.972588,7.7213287],"angle":-22.5,"axis":"x"}},{"from":[3.25,15.186041,4.1378055],"to":[5.25,21.18604,6.1378055],"faces":{"east":{"uv":[4.5625,6.625,4.8125,7.375],"tintindex":0,"rotation":0,"texture":"#0"},"south":{"uv":[4.3125,6.625,4.5625,7.375],"tintindex":0,"rotation":0,"texture":"#0"},"north":{"uv":[4.5625,6.625,4.8125,7.375],"tintindex":0,"rotation":0,"texture":"#0"},"west":{"uv":[4.5625,6.625,4.8125,7.375],"tintindex":0,"rotation":0,"texture":"#0"},"up":{"uv":[4.1875,2.375,3.9375,2.125],"tintindex":0,"rotation":0,"texture":"#0"},"down":{"uv":[4.4375,0.3125,4.1875,0.5625],"tintindex":0,"rotation":0,"texture":"#0"}},"rotation":{"origin":[8.0,16.68604,3.1378055],"angle":45.0,"axis":"z"}},{"from":[0.5,12.29291,-1.5517979],"to":[15.5,19.29291,-1.5517979],"faces":{"south":{"uv":[6.125,2.6875,8.0,3.5625],"tintindex":0,"rotation":0,"texture":"#0"},"north":{"uv":[6.125,2.6875,8.0,3.5625],