{"textures":{"1":"modelengine:entity/em_pirate_a3"},"elements":[{"from":[3.996016,13.140005,3.7843118],"to":[12.196016,16.340006,11.984312],"faces":{"east":{"uv":[10.375,5.25,11.375,5.625],"tintindex":0,"rotation":0,"texture":"#1"},"south":{"uv":[10.375,5.625,11.375,6.0],"tintindex":0,"rotation":0,"texture":"#1"},"north":{"uv":[10.375,4.875,11.375,5.25],"tintindex":0,"rotation":0,"texture":"#1"},"west":{"uv":[6.875,10.375,7.875,10.75],"tintindex":0,"rotation":0,"texture":"#1"},"up":{"uv":[6.75,2.0,5.75,1.0],"tintindex":0,"rotation":0,"texture":"#1"},"down":{"uv":[6.75,2.0,5.75,3.0],"tintindex":0,"rotation":0,"texture":"#1"}}},{"from":[4.096016,8.2400055,3.8843117],"to":[12.096016,16.240005,11.884312],"faces":{"east":{"uv":[4.0,5.0,5.0,6.0],"tintindex":0,"rotation":0,"texture":"#1"},"south":{"uv":[5.0,4.0,6.0,5.0],"tintindex":0,"rotation":0,"texture":"#1"},"north":{"uv":[3.0,5.0,4.0,6.0],"tintindex":0,"rotation":0,"texture":"#1"},"west":{"uv":[5.0,5.0,6.0,6.0],"tintindex":0,"rotation":0,"texture":"#1"},"up":{"uv":[2.0,6.5,1.0,5.5],"tintindex":0,"rotation":0,"texture":"#1"},"down":{"uv":[6.75,0.0,5.75,1.0],"tintindex":0,"rotation":0,"texture":"#1"}}},{"from":[8.096016,12.2400055,11.884312],"to":[8.096016,17.240005,15.884312],"faces":{"east":{"uv":[11.0,0.625,11.5,1.25],"tintindex":0,"rotation":0,"texture":"#1"},"west":{"uv":[11.0,1.25,11.5,1.875],"tintindex":0,"rotation":0,"texture":"#1"}},"rotation":{"origin":[8.096016,14.7400055,11.884312],"angle":-45.0,"axis":"y"}},{"from":[8.096016,12.2400055,11.884312],"to":[8.096016,17.240005,15.884312],"faces":{"east":{"uv":[11.0,1.875,11.5,2.5],"tintindex":0,"rotation":0,"texture":"#1"},"west":{"uv":[11.0,2.5,11.5,3.125],"tintindex":0,"rotation":0,"texture":"#1"}},"rotation":{"origin":[8.096016,14.7400055,11.884312],"angle":45.0,"axis":"y"}}],"display":{"gui":{"rotation":[30,225,0]}}}