{"textures":{"2":"modelengine:entity/em_pirate_a1"},"elements":[{"from":[8.096016,12.2400055,11.884315],"to":[8.096016,17.240005,15.884314],"faces":{"east":{"uv":[0.9375,6.4375,1.1875,6.75],"tintindex":0,"rotation":0,"texture":"#2"},"west":{"uv":[1.25,6.4375,1.5,6.75],"tintindex":0,"rotation":0,"texture":"#2"}},"rotation":{"origin":[8.096016,14.7400055,11.884315],"angle":45.0,"axis":"y"}},{"from":[3.996016,13.140005,3.7843146],"to":[12.196016,16.340006,11.984315],"faces":{"east":{"uv":[6.0625,3.625,6.5625,3.8125],"tintindex":0,"rotation":0,"texture":"#2"},"south":{"uv":[4.0625,6.0625,4.5625,6.25],"tintindex":0,"rotation":0,"texture":"#2"},"north":{"uv":[6.0625,3.375,6.5625,3.5625],"tintindex":0,"rotation":0,"texture":"#2"},"west":{"uv":[4.625,6.0625,5.125,6.25],"tintindex":0,"rotation":0,"texture":"#2"},"up":{"uv":[4.4375,3.875,3.9375,3.375],"tintindex":0,"rotation":0,"texture":"#2"},"down":{"uv":[4.4375,3.9375,3.9375,4.4375],"tintindex":0,"rotation":0,"texture":"#2"}}},{"from":[4.096016,8.2400055,3.8843145],"to":[12.096016,16.240005,11.884315],"faces":{"east":{"uv":[3.375,2.25,3.875,2.75],"tintindex":0,"rotation":0,"texture":"#2"},"south":{"uv":[2.8125,3.375,3.3125,3.875],"tintindex":0,"rotation":0,"texture":"#2"},"north":{"uv":[2.25,3.375,2.75,3.875],"tintindex":0,"rotation":0,"texture":"#2"},"west":{"uv":[3.375,2.8125,3.875,3.3125],"tintindex":0,"rotation":0,"texture":"#2"},"up":{"uv":[3.875,3.875,3.375,3.375],"tintindex":0,"rotation":0,"texture":"#2"},"down":{"uv":[0.5,3.75,0.0,4.25],"tintindex":0,"rotation":0,"texture":"#2"}}},{"from":[8.096016,12.2400055,11.884315],"to":[8.096016,17.240005,15.884314],"faces":{"east":{"uv":[0.3125,6.4375,0.5625,6.75],"tintindex":0,"rotation":0,"texture":"#2"},"west":{"uv":[0.625,6.4375,0.875,6.75],"tintindex":0,"rotation":0,"texture":"#2"}},"rotation":{"origin":[8.096016,14.7400055,11.884315],"angle":-45.0,"axis":"y"}}],"display":{"gui":{"rotation":[30,225,0]}}}