{"textures":{"2":"modelengine:entity/em_pirate_a1"},"elements":[{"from":[4.096016,8.239998,3.8843145],"to":[12.096016,16.239998,11.884315],"faces":{"east":{"uv":[1.125,3.75,1.625,4.25],"tintindex":0,"rotation":0,"texture":"#2"},"south":{"uv":[1.6875,3.75,2.1875,4.25],"tintindex":0,"rotation":0,"texture":"#2"},"north":{"uv":[0.5625,3.75,1.0625,4.25],"tintindex":0,"rotation":0,"texture":"#2"},"west":{"uv":[3.9375,0.0,4.4375,0.5],"tintindex":0,"rotation":0,"texture":"#2"},"up":{"uv":[4.4375,1.0625,3.9375,0.5625],"tintindex":0,"rotation":0,"texture":"#2"},"down":{"uv":[4.4375,1.125,3.9375,1.625],"tintindex":0,"rotation":0,"texture":"#2"}}}]}