{"textures":{"1":"modelengine:entity/em_pirate_a3"},"elements":[{"from":[4.096016,8.239998,3.8843117],"to":[12.096016,16.239998,11.884312],"faces":{"east":{"uv":[1.0,4.5,2.0,5.5],"tintindex":0,"rotation":0,"texture":"#1"},"south":{"uv":[4.75,0.0,5.75,1.0],"tintindex":0,"rotation":0,"texture":"#1"},"north":{"uv":[4.0,4.0,5.0,5.0],"tintindex":0,"rotation":0,"texture":"#1"},"west":{"uv":[4.75,1.0,5.75,2.0],"tintindex":0,"rotation":0,"texture":"#1"},"up":{"uv":[5.75,3.0,4.75,2.0],"tintindex":0,"rotation":0,"texture":"#1"},"down":{"uv":[5.75,3.0,4.75,4.0],"tintindex":0,"rotation":0,"texture":"#1"}}},{"from":[8.096016,12.239998,11.884312],"to":[8.096016,17.239998,15.884312],"faces":{"east":{"uv":[0.0,10.875,0.5,11.5],"tintindex":0,"rotation":0,"texture":"#1"},"west":{"uv":[11.0,0.0,11.5,0.625],"tintindex":0,"rotation":0,"texture":"#1"}},"rotation":{"origin":[8.096016,14.739998,11.884312],"angle":45.0,"axis":"y"}},{"from":[3.996016,13.1399975,3.7843118],"to":[12.196016,16.339998,11.984312],"faces":{"east":{"uv":[10.375,3.75,11.375,4.125],"tintindex":0,"rotation":0,"texture":"#1"},"south":{"uv":[10.375,4.125,11.375,4.5],"tintindex":0,"rotation":0,"texture":"#1"},"north":{"uv":[10.375,3.375,11.375,3.75],"tintindex":0,"rotation":0,"texture":"#1"},"west":{"uv":[10.375,4.5,11.375,4.875],"tintindex":0,"rotation":0,"texture":"#1"},"up":{"uv":[1.0,6.0,0.0,5.0],"tintindex":0,"rotation":0,"texture":"#1"},"down":{"uv":[3.0,5.0,2.0,6.0],"tintindex":0,"rotation":0,"texture":"#1"}}},{"from":[8.096016,12.239998,11.884312],"to":[8.096016,17.239998,15.884312],"faces":{"east":{"uv":[8.875,10.75,9.375,11.375],"tintindex":0,"rotation":0,"texture":"#1"},"west":{"uv":[9.375,10.75,9.875,11.375],"tintindex":0,"rotation":0,"texture":"#1"}},"rotation":{"origin":[8.096016,14.739998,11.884312],"angle":-45.0,"axis":"y"}}],"display":{"gui":{"rotation":[30,225,0]}}}