{"textures":{"3":"modelengine:entity/em_pirate_a2"},"elements":[{"from":[4.096016,8.239998,3.8843136],"to":[12.096016,16.239998,11.884312],"faces":{"east":{"uv":[1.125,3.9375,1.625,4.4375],"tintindex":0,"rotation":0,"texture":"#3"},"south":{"uv":[1.6875,3.9375,2.1875,4.4375],"tintindex":0,"rotation":0,"texture":"#3"},"north":{"uv":[0.0,3.9375,0.5,4.4375],"tintindex":0,"rotation":0,"texture":"#3"},"west":{"uv":[2.25,3.9375,2.75,4.4375],"tintindex":0,"rotation":0,"texture":"#3"},"up":{"uv":[4.4375,2.75,3.9375,2.25],"tintindex":0,"rotation":0,"texture":"#3"},"down":{"uv":[3.3125,3.9375,2.8125,4.4375],"tintindex":0,"rotation":0,"texture":"#3"}}}]}