{"textures":{"0":"modelengine:entity/em_pirate_a4"},"elements":[{"from":[3.996016,13.1399975,3.7843156],"to":[12.196016,16.339998,11.984316],"faces":{"east":{"uv":[6.0,2.625,6.5,2.8125],"tintindex":0,"rotation":0,"texture":"#0"},"south":{"uv":[6.0,2.875,6.5,3.0625],"tintindex":0,"rotation":0,"texture":"#0"},"north":{"uv":[6.0,2.375,6.5,2.5625],"tintindex":0,"rotation":0,"texture":"#0"},"west":{"uv":[6.0,3.125,6.5,3.3125],"tintindex":0,"rotation":0,"texture":"#0"},"up":{"uv":[1.0625,2.375,0.5625,1.875],"tintindex":0,"rotation":0,"texture":"#0"},"down":{"uv":[2.5625,0.0,2.0625,0.5],"tintindex":0,"rotation":0,"texture":"#0"}}},{"from":[8.096016,12.239998,11.8843155],"to":[8.096016,17.239998,15.8843155],"faces":{"east":{"uv":[0.0,6.3125,0.25,6.625],"tintindex":0,"rotation":0,"texture":"#0"},"west":{"uv":[0.3125,6.3125,0.5625,6.625],"tintindex":0,"rotation":0,"texture":"#0"}},"rotation":{"origin":[8.096016,14.739998,11.8843155],"angle":45.0,"axis":"y"}},{"from":[4.096016,8.239998,3.8843155],"to":[12.096016,16.239998,11.8843155],"faces":{"east":{"uv":[1.5,0.0,2.0,0.5],"tintindex":0,"rotation":0,"texture":"#0"},"south":{"uv":[1.5,0.5625,2.0,1.0625],"tintindex":0,"rotation":0,"texture":"#0"},"north":{"uv":[0.0,1.125,0.5,1.625],"tintindex":0,"rotation":0,"texture":"#0"},"west":{"uv":[1.5,1.125,2.0,1.625],"tintindex":0,"rotation":0,"texture":"#0"},"up":{"uv":[0.5,2.1875,0.0,1.6875],"tintindex":0,"rotation":0,"texture":"#0"},"down":{"uv":[2.0,1.6875,1.5,2.1875],"tintindex":0,"rotation":0,"texture":"#0"}}},{"from":[8.096016,12.239998,11.8843155],"to":[8.096016,17.239998,15.8843155],"faces":{"east":{"uv":[6.0,6.1875,6.25,6.5],"tintindex":0,"rotation":0,"texture":"#0"},"west":{"uv":[6.25,0.0,6.5,0.3125],"tintindex":0,"rotation":0,"texture":"#0"}},"rotation":{"origin":[8.096016,14.739998,11.8843155],"angle":-45.0,"axis":"y"}}],"display":{"gui":{"rotation":[30,225,0]}}}