{"textures":{"0":"modelengine:entity/em_pirate_a4"},"elements":[{"from":[8.096016,12.239998,11.8843155],"to":[8.096016,17.239998,15.8843155],"faces":{"east":{"uv":[2.0625,6.375,2.3125,6.6875],"tintindex":0,"rotation":0,"texture":"#0"},"west":{"uv":[4.0625,6.375,4.3125,6.6875],"tintindex":0,"rotation":0,"texture":"#0"}},"rotation":{"origin":[8.096016,14.739998,11.8843155],"angle":45.0,"axis":"y"}},{"from":[4.096016,8.239998,3.8843155],"to":[12.096016,16.239998,11.8843155],"faces":{"east":{"uv":[2.625,0.5625,3.125,1.0625],"tintindex":0,"rotation":0,"texture":"#0"},"south":{"uv":[2.625,1.125,3.125,1.625],"tintindex":0,"rotation":0,"texture":"#0"},"north":{"uv":[2.625,0.0,3.125,0.5],"tintindex":0,"rotation":0,"texture":"#0"},"west":{"uv":[2.625,1.6875,3.125,2.1875],"tintindex":0,"rotation":0,"texture":"#0"},"up":{"uv":[0.5,3.3125,0.0,2.8125],"tintindex":0,"rotation":0,"texture":"#0"},"down":{"uv":[1.625,2.8125,1.125,3.3125],"tintindex":0,"rotation":0,"texture":"#0"}}},{"from":[8.096016,12.239998,11.8843155],"to":[8.096016,17.239998,15.8843155],"faces":{"east":{"uv":[1.75,6.375,2.0,6.6875],"tintindex":0,"rotation":0,"texture":"#0"},"west":{"uv":[6.375,2.0,6.625,2.3125],"tintindex":0,"rotation":0,"texture":"#0"}},"rotation":{"origin":[8.096016,14.739998,11.8843155],"angle":-45.0,"axis":"y"}},{"from":[3.996016,13.1399975,3.7843156],"to":[12.196016,16.339998,11.984316],"faces":{"east":{"uv":[6.0,4.625,6.5,4.8125],"tintindex":0,"rotation":0,"texture":"#0"},"south":{"uv":[6.0,4.875,6.5,5.0625],"tintindex":0,"rotation":0,"texture":"#0"},"north":{"uv":[6.0,4.375,6.5,4.5625],"tintindex":0,"rotation":0,"texture":"#0"},"west":{"uv":[6.0,5.125,6.5,5.3125],"tintindex":0,"rotation":0,"texture":"#0"},"up":{"uv":[2.1875,3.3125,1.6875,2.8125],"tintindex":0,"rotation":0,"texture":"#0"},"down":{"uv":[2.75,2.8125,2.25,3.3125],"tintindex":0,"rotation":0,"texture":"#0"}}}],"display":{"gui":{"rotation":[30,225,0]}}}