{"textures":{"2":"modelengine:entity/em_pirate_a1"},"elements":[{"from":[4.096016,8.239998,3.8843145],"to":[12.096016,16.239998,11.884315],"faces":{"east":{"uv":[2.25,3.9375,2.75,4.4375],"tintindex":0,"rotation":0,"texture":"#2"},"south":{"uv":[3.9375,2.25,4.4375,2.75],"tintindex":0,"rotation":0,"texture":"#2"},"north":{"uv":[3.9375,1.6875,4.4375,2.1875],"tintindex":0,"rotation":0,"texture":"#2"},"west":{"uv":[2.8125,3.9375,3.3125,4.4375],"tintindex":0,"rotation":0,"texture":"#2"},"up":{"uv":[4.4375,3.3125,3.9375,2.8125],"tintindex":0,"rotation":0,"texture":"#2"},"down":{"uv":[3.875,3.9375,3.375,4.4375],"tintindex":0,"rotation":0,"texture":"#2"}}},{"from":[8.096016,12.239998,11.884315],"to":[8.096016,17.239998,15.884314],"faces":{"east":{"uv":[3.1875,6.4375,3.4375,6.75],"tintindex":0,"rotation":0,"texture":"#2"},"west":{"uv":[3.5,6.4375,3.75,6.75],"tintindex":0,"rotation":0,"texture":"#2"}},"rotation":{"origin":[8.096016,14.739998,11.884315],"angle":-45.0,"axis":"y"}},{"from":[3.996016,13.1399975,3.7843146],"to":[12.196016,16.339998,11.984315],"faces":{"east":{"uv":[6.125,0.25,6.625,0.4375],"tintindex":0,"rotation":0,"texture":"#2"},"south":{"uv":[6.125,0.5,6.625,0.6875],"tintindex":0,"rotation":0,"texture":"#2"},"north":{"uv":[6.125,0.0,6.625,0.1875],"tintindex":0,"rotation":0,"texture":"#2"},"west":{"uv":[6.125,3.875,6.625,4.0625],"tintindex":0,"rotation":0,"texture":"#2"},"up":{"uv":[0.5,4.8125,0.0,4.3125],"tintindex":0,"rotation":0,"texture":"#2"},"down":{"uv":[1.0625,4.3125,0.5625,4.8125],"tintindex":0,"rotation":0,"texture":"#2"}}},{"from":[8.096016,12.239998,11.884315],"to":[8.096016,17.239998,15.884314],"faces":{"east":{"uv":[2.5625,6.4375,2.8125,6.75],"tintindex":0,"rotation":0,"texture":"#2"},"west":{"uv":[2.875,6.4375,3.125,6.75],"tintindex":0,"rotation":0,"texture":"#2"}},"rotation":{"origin":[8.096016,14.739998,11.884315],"angle":45.0,"axis":"y"}}],"display":{"gui":{"rotation":[30,225,0]}}}