{"textures":{"2":"modelengine:entity/em_pirate_a1"},"elements":[{"from":[6.505,-0.89059937,8.033281],"to":[9.495,2.0994005,10.023281],"faces":{"east":{"uv":[1.8125,8.0625,1.9375,8.25],"tintindex":0,"rotation":0,"texture":"#2"},"south":{"uv":[1.3125,7.6875,1.5,7.875],"tintindex":0,"rotation":0,"texture":"#2"},"north":{"uv":[1.0625,7.6875,1.25,7.875],"tintindex":0,"rotation":0,"texture":"#2"},"west":{"uv":[4.0625,8.0625,4.1875,8.25],"tintindex":0,"rotation":0,"texture":"#2"},"up":{"uv":[5.5625,8.1875,5.375,8.0625],"tintindex":0,"rotation":0,"texture":"#2"},"down":{"uv":[8.25,5.4375,8.0625,5.5625],"tintindex":0,"rotation":0,"texture":"#2"}},"rotation":{"origin":[8.0,1.1044006,8.778281],"angle":22.5,"axis":"x"}},{"from":[4.1460156,0.5171493,8.851596],"to":[5.8460155,8.21715,10.551597],"faces":{"east":{"uv":[3.75,6.875,3.875,7.375],"tintindex":0,"rotation":0,"texture":"#2"},"south":{"uv":[6.875,4.4375,7.0,4.9375],"tintindex":0,"rotation":0,"texture":"#2"},"north":{"uv":[6.875,2.625,7.0,3.125],"tintindex":0,"rotation":0,"texture":"#2"},"west":{"uv":[5.0,6.875,5.125,7.375],"tintindex":0,"rotation":0,"texture":"#2"},"up":{"uv":[2.125,8.5,2.0,8.375],"tintindex":0,"rotation":0,"texture":"#2"},"down":{"uv":[8.5,2.125,8.375,2.25],"tintindex":0,"rotation":0,"texture":"#2"}},"rotation":{"origin":[4.9960155,7.1671524,9.151596],"angle":-22.5,"axis":"x"}},{"from":[6.5,1.375,6.375],"to":[9.5,2.375,10.375],"faces":{"east":{"uv":[8.3125,5.375,8.5625,5.4375],"tintindex":0,"rotation":0,"texture":"#2"},"south":{"uv":[8.5,8.5625,8.6875,8.625],"tintindex":0,"rotation":0,"texture":"#2"},"north":{"uv":[8.5625,8.25,8.75,8.3125],"tintindex":0,"rotation":0,"texture":"#2"},"west":{"uv":[8.3125,5.5,8.5625,5.5625],"tintindex":0,"rotation":0,"texture":"#2"},"up":{"uv":[7.5,5.25,7.3125,5.0],"tintindex":0,"rotation":0,"texture":"#2"},"down":{"uv":[6.25,7.3125,6.0625,7.5625],"tintindex":0,"rotation":0,"texture":"#2"}}},{"from":[3.9960155,1.1671524,8.151596],"to":[5.9960155,9.167152,10.151596],"faces":{"east":{"uv":[5.1875,6.875,5.3125,7.375],"tintindex":0,"rotation":0,"texture":"#2"},"south":{"uv":[5.375,6.875,5.5,7.375],"tintindex":0,"rotation":0,"texture":"#2"},"north":{"uv":[6.875,5.0,7.0,5.5],"tintindex":0,"rotation":0,"texture":"#2"},"west":{"uv":[6.5625,6.875,6.6875,7.375],"tintindex":0,"rotation":0,"texture":"#2"},"up":{"uv":[8.0625,8.5,7.9375,8.375],"tintindex":0,"rotation":0,"texture":"#2"},"down":{"uv":[8.375,8.375,8.25,8.5],"tintindex":0,"rotation":0,"texture":"#2"}},"rotation":{"origin":[4.9960155,7.1671524,9.151596],"angle":-22.5,"axis":"x"}},{"from":[4.9960155,5.3193893,5.916963],"to":[4.9960155,9.319389,7.916963],"faces":{"east":{"uv":[3.875,7.8125,4.0,8.0625],"tintindex":0,"rotation":0,"texture":"#2"},"west":{"uv":[7.8125,4.0,7.9375,4.25],"tintindex":0,"rotation":0,"texture":"#2"}},"rotation":{"origin":[4.9960155,8.319389,10.916964],"angle":-22.5,"axis":"x"}},{"from":[6.501,0.376,6.376],"to":[9.499,1.374,9.374],"faces":{"east":{"uv":[8.5625,8.0,8.75,8.0625],"tintindex":0,"rotation":0,"texture":"#2"},"south":{"uv":[8.5625,8.125,8.75,8.1875],"tintindex":0,"rotation":0,"texture":"#2"},"north":{"uv":[8.5625,7.875,8.75,7.9375],"tintindex":0,"rotation":0,"texture":"#2"},"west":{"uv":[8.25,8.5625,8.4375,8.625],"tintindex":0,"rotation":0,"texture":"#2"},"up":{"uv":[0.1875,7.875,0.0,7.6875],"tintindex":0,"rotation":0,"texture":"#2"},"down":{"uv":[1.0,7.6875,0.8125,7.875],"tintindex":0,"rotation":0,"texture":"#2"}}},{"from":[6.0,2.375,6.375],"to":[10.0,9.375,10.375],"faces":{"east":{"uv":[5.9375,5.375,6.1875,5.8125],"tintindex":0,"rotation":0,"texture":"#2"},"south":{"uv":[5.9375,5.875,6.1875,6.3125],"tintindex":0,"rotation":0,"texture":"#2"},"north":{"uv":[5.9375,4.875,6.1875,5.3125],"tintindex":0,"rotation":0,"texture":"#2"},"west":{"uv":[0.0,6.0,0.25,6.4375],"tintindex":0,"rotation":0,"texture":"#2"},"up":{"uv":[1.75,7.125,1.5,6.875],"tintindex":0,"rotation":0,"texture":"#2"},"down":{"uv":[2.0625,6.875,1.8125,7.125],"tintindex":0,"rotation":0,"texture":"#2"}}},{"from":[6.5,-4.625,6.625],"to":[9.5,-2.625,9.625],"faces":{"east":{"uv":[8.0625,7.4375,8.25,7.5625],"tintindex":0,"rotation":0,"texture":"#2"},"south":{"uv":[7.625,8.0625,7.8125,8.1875],"tintindex":0,"rotation":0,"texture":"#2"},"north":{"uv":[8.0625,6.8125,8.25,6.9375],"tintindex":0,"rotation":0,"texture":"#2"},"west":{"uv":[7.875,8.0625,8.0625,8.1875],"tintindex":0,"rotation":0,"texture":"#2"},"up":{"uv":[1.75,7.875,1.5625,7.6875],"tintindex":0,"rotation":0,"texture":"#2"},"down":{"uv":[7.875,2.1875,7.6875,2.375],"tintindex":0,"rotation":0,"texture":"#2"}}},{"from":[4.0360155,7.2071524,4.191596],"to":[5.9560156,9.127152,8.111596],"faces":{"east":{"uv":[7.8125,2.75,8.0625,2.875],"tintindex":0,"rotation":0,"texture":"#2"},"south":{"uv":[8.4375,3.625,8.5625,3.75],"tintindex":0,"rotation":0,"texture":"#2"},"north":{"uv":[8.4375,0.6875,8.5625,0.8125],"tintindex":0,"rotation":0,"texture":"#2"},"west":{"uv":[7.8125,4.3125,8.0625,4.4375],"tintindex":0,"rotation":0,"texture":"#2"},"up":{"uv":[7.9375,4.75,7.8125,4.5],"tintindex":0,"rotation":0,"texture":"#2"},"down":{"uv":[7.9375,4.8125,7.8125,5.0625],"tintindex":0,"rotation":0,"texture":"#2"}}},{"from":[3.9960155,7.3193893,8.916964],"to":[3.9960155,9.319389,12.916964],"faces":{"east":{"uv":[7.75,5.9375,8.0,6.0625],"tintindex":0,"rotation":0,"texture":"#2"},"west":{"uv":[7.75,7.4375,8.0,7.5625],"tintindex":0,"rotation":0,"texture":"#2"}}},{"from":[6.5,-2.625,6.375],"to":[9.5,-0.625,10.375],"faces":{"east":{"uv":[7.75,1.6875,8.0,1.8125],"tintindex":0,"rotation":0,"texture":"#2"},"south":{"uv":[8.0625,6.625,8.25,6.75],"tintindex":0,"rotation":0,"texture":"#2"},"north":{"uv":[8.0625,6.4375,8.25,6.5625],"tintindex":0,"rotation":0,"texture":"#2"},"west":{"uv":[7.75,1.875,8.0,2.0],"tintindex":0,"rotation":0,"texture":"#2"},"up":{"uv":[6.5,7.5625,6.3125,7.3125],"tintindex":0,"rotation":0,"texture":"#2"},"down":{"uv":[7.3125,7.3125,7.125,7.5625],"tintindex":0,"rotation":0,"texture":"#2"}}},{"from":[6.5,-6.625,5.125],"to":[9.5,-4.625,10.125],"faces":{"east":{"uv":[7.375,7.5,7.6875,7.625],"tintindex":0,"rotation":0,"texture":"#2"},"south":{"uv":[6.3125,8.0625,6.5,8.1875],"tintindex":0,"rotation":0,"texture":"#2"},"north":{"uv":[8.0625,5.9375,8.25,6.0625],"tintindex":0,"rotation":0,"texture":"#2"},"west":{"uv":[7.5625,1.0625,7.875,1.1875],"tintindex":0,"rotation":0,"texture":"#2"},"up":{"uv":[7.25,0.875,7.0625,0.5625],"tintindex":0,"rotation":0,"texture":"#2"},"down":{"uv":[7.25,0.9375,7.0625,1.25],"tintindex":0,"rotation":0,"texture":"#2"}}},{"from":[5.9,-0.725,6.25],"to":[10.1,0.475,10.450001],"faces":{"east":{"uv":[8.3125,6.0,8.5625,6.0625],"tintindex":0,"rotation":0,"texture":"#2"},"south":{"uv":[8.3125,6.375,8.5625,6.4375],"tintindex":0,"rotation":0,"texture":"#2"},"north":{"uv":[8.3125,5.875,8.5625,5.9375],"tintindex":0,"rotation":0,"texture":"#2"},"west":{"uv":[8.3125,6.5,8.5625,6.5625],"tintindex":0,"rotation":0,"texture":"#2"},"up":{"uv":[3.6875,7.0625,3.4375,6.8125],"tintindex":0,"rotation":0,"texture":"#2"},"down":{"uv":[7.0625,6.0,6.8125,6.25],"tintindex":0,"rotation":0,"texture":"#2"}}},{"from":[4.0010157,7.557971,7.965255],"to":[5.9910154,9.547971,9.955255],"faces":{"east":{"uv":[5.5625,8.375,5.6875,8.5],"tintindex":0,"rotation":0,"texture":"#2"},"south":{"uv":[6.0,8.375,6.125,8.5],"tintindex":0,"rotation":0,"texture":"#2"},"north":{"uv":[2.1875,8.375,2.3125,8.5],"tintindex":0,"rotation":0,"texture":"#2"},"west":{"uv":[7.375,8.375,7.5,8.5],"tintindex":0,"rotation":0,"texture":"#2"},"up":{"uv":[7.875,8.5,7.75,8.375],"tintindex":0,"rotation":0,"texture":"#2"},"down":{"uv":[8.5,7.75,8.375,7.875],"tintindex":0,"rotation":0,"texture":"#2"}},"rotation":{"origin":[4.9960155,8.552971,8.960255],"angle":-45.0,"axis":"x"}}]}