{"textures":{"0":"modelengine:entity/em_chromoknight"},"elements":[{"from":[2.0,-3.0,9.337151],"to":[4.0,5.0,12.337151],"faces":{"east":{"uv":[3.875,12.75,4.25,13.75],"tintindex":0,"rotation":0,"texture":"#0"},"south":{"uv":[11.625,13.375,11.875,14.375],"tintindex":0,"rotation":0,"texture":"#0"},"north":{"uv":[11.375,13.375,11.625,14.375],"tintindex":0,"rotation":0,"texture":"#0"},"west":{"uv":[3.125,12.875,3.5,13.875],"tintindex":0,"rotation":0,"texture":"#0"},"up":{"uv":[13.75,15.25,13.5,14.875],"tintindex":0,"rotation":0,"texture":"#0"},"down":{"uv":[14.0,14.875,13.75,15.25],"tintindex":0,"rotation":0,"texture":"#0"}},"rotation":{"origin":[2.5,0.0,11.337151],"angle":45.0,"axis":"y"}},{"from":[8.613126,11.213123,3.2071066],"to":[9.613126,12.213123,4.2071066],"faces":{"east":{"uv":[15.5,12.75,15.625,12.875],"tintindex":0,"rotation":0,"texture":"#0"},"south":{"uv":[12.875,15.5,13.0,15.625],"tintindex":0,"rotation":0,"texture":"#0"},"north":{"uv":[12.75,15.5,12.875,15.625],"tintindex":0,"rotation":0,"texture":"#0"},"west":{"uv":[13.875,15.5,14.0,15.625],"tintindex":0,"rotation":0,"texture":"#0"},"up":{"uv":[15.625,14.0,15.5,13.875],"tintindex":0,"rotation":0,"texture":"#0"},"down":{"uv":[14.125,15.5,14.0,15.625],"tintindex":0,"rotation":0,"texture":"#0"}},"rotation":{"origin":[9.113126,11.713123,3.7071066],"angle":45.0,"axis":"x"}},{"from":[8.609126,4.709123,2.996],"to":[9.6171255,11.717123,4.004],"faces":{"east":{"uv":[4.25,14.75,4.375,15.625],"tintindex":0,"rotation":0,"texture":"#0"},"south":{"uv":[4.375,14.75,4.5,15.625],"tintindex":0,"rotation":0,"texture":"#0"},"north":{"uv":[4.125,14.75,4.25,15.625],"tintindex":0,"rotation":0,"texture":"#0"},"west":{"uv":[4.5,14.75,4.625,15.625],"tintindex":0,"rotation":0,"texture":"#0"},"up":{"uv":[15.625,14.25,15.5,14.125],"tintindex":0,"rotation":0,"texture":"#0"},"down":{"uv":[14.375,15.5,14.25,15.625],"tintindex":0,"rotation":0,"texture":"#0"}}},{"from":[2.6131258,6.170231,3.7071066],"to":[3.6131258,9.170231,12.707107],"faces":{"east":{"uv":[11.875,4.625,13.0,5.0],"tintindex":0,"rotation":0,"texture":"#0"},"south":{"uv":[13.75,15.25,13.875,15.625],"tintindex":0,"rotation":0,"texture":"#0"},"north":{"uv":[13.625,15.25,13.75,15.625],"tintindex":0,"rotation":0,"texture":"#0"},"west":{"uv":[11.875,8.875,13.0,9.25],"tintindex":0,"rotation":0,"texture":"#0"},"up":{"uv":[3.375,15.75,3.25,14.625],"tintindex":0,"rotation":0,"texture":"#0"},"down":{"uv":[3.5,14.625,3.375,15.75],"tintindex":0,"rotation":0,"texture":"#0"}}},{"from":[8.607125,4.7111254,12.406556],"to":[9.603126,11.707126,13.402556],"faces":{"east":{"uv":[3.625,14.75,3.75,15.625],"tintindex":0,"rotation":0,"texture":"#0"},"south":{"uv":[3.875,14.75,4.0,15.625],"tintindex":0,"rotation":0,"texture":"#0"},"north":{"uv":[3.5,14.75,3.625,15.625],"tintindex":0,"rotation":0,"texture":"#0"},"west":{"uv":[4.0,14.75,4.125,15.625],"tintindex":0,"rotation":0,"texture":"#0"},"up":{"uv":[15.625,14.125,15.5,14.0],"tintindex":0,"rotation":0,"texture":"#0"},"down":{"uv":[14.25,15.5,14.125,15.625],"tintindex":0,"rotation":0,"texture":"#0"}}},{"from":[2.3,3.8,4.8],"to":[8.7,10.2,11.2],"faces":{"east":{"uv":[7.0,9.625,7.75,10.375],"tintindex":0,"rotation":0,"texture":"#0"},"south":{"uv":[7.75,9.625,8.5,10.375],"tintindex":0,"rotation":0,"texture":"#0"},"north":{"uv":[9.625,4.5,10.375,5.25],"tintindex":0,"rotation":0,"texture":"#0"},"west":{"uv":[9.625,7.875,10.375,8.625],"tintindex":0,"rotation":0,"texture":"#0"},"up":{"uv":[10.5,10.25,9.75,9.5],"tintindex":0,"rotation":0,"texture":"#0"},"down":{"uv":[10.625,5.25,9.875,6.0],"tintindex":0,"rotation":0,"texture":"#0"}}},{"from":[2.493126,5.050231,3.5871067],"to":[8.733126,12.290231,12.827106],"faces":{"east":{"uv":[6.125,5.75,7.25,6.625],"tintindex":0,"rotation":0,"texture":"#0"},"south":{"uv":[8.875,4.5,9.625,5.375],"tintindex":0,"rotation":0,"texture":"#0"},"north":{"uv":[8.25,8.75,9.0,9.625],"tintindex":0,"rotation":0,"texture":"#0"},"west":{"uv":[6.25,2.75,7.375,3.625],"tintindex":0,"rotation":0,"texture":"#0"},"up":{"uv":[6.125,8.5,5.375,7.375],"tintindex":0,"rotation":0,"texture":"#0"},"down":{"uv":[6.875,7.375,6.125,8.5],"tintindex":0,"rotation":0,"texture":"#0"}}},{"from":[8.613126,11.420231,3.7071066],"to":[9.613126,12.420231,12.707107],"faces":{"east":{"uv":[14.625,5.0,15.75,5.125],"tintindex":0,"rotation":0,"texture":"#0"},"south":{"uv":[15.5,12.625,15.625,12.75],"tintindex":0,"rotation":0,"texture":"#0"},"north":{"uv":[12.625,15.5,12.75,15.625],"tintindex":0,"rotation":0,"texture":"#0"},"west":{"uv":[14.625,5.125,15.75,5.25],"tintindex":0,"rotation":0,"texture":"#0"},"up":{"uv":[3.0,15.75,2.875,14.625],"tintindex":0,"rotation":0,"texture":"#0"},"down":{"uv":[3.125,14.625,3.0,15.75],"tintindex":0,"rotation":0,"texture":"#0"}}},{"from":[-1.2864902,4.71408,3.1571066],"to":[1.8135107,6.81408,13.257107],"faces":{"east":{"uv":[13.0,4.5,14.25,4.75],"tintindex":0,"rotation":0,"texture":"#0"},"south":{"uv":[12.875,14.875,13.25,15.125],"tintindex":0,"rotation":0,"texture":"#0"},"north":{"uv":[12.5,14.875,12.875,15.125],"tintindex":0,"rotation":0,"texture":"#0"},"west":{"uv":[13.0,4.75,14.25,5.0],"tintindex":0,"rotation":0,"texture":"#0"},"up":{"uv":[6.75,13.125,6.375,11.875],"tintindex":0,"rotation":0,"texture":"#0"},"down":{"uv":[7.875,11.875,7.5,13.125],"tintindex":0,"rotation":0,"texture":"#0"}},"rotation":{"origin":[0.16351128,5.76408,8.207107],"angle":-45.0,"axis":"z"}},{"from":[2.65,-1.85,5.15],"to":[8.35,2.85,10.85],"faces":{"east":{"uv":[11.125,4.5,11.875,5.125],"tintindex":0,"rotation":0,"texture":"#0"},"south":{"uv":[6.875,11.125,7.625,11.75],"tintindex":0,"rotation":0,"texture":"#0"},"north":{"uv":[1.25,4.25,2.0,4.875],"tintindex":0,"rotation":0,"texture":"#0"},"west":{"uv":[11.125,7.5,11.875,8.125],"tintindex":0,"rotation":0,"texture":"#0"},"up":{"uv":[6.25,10.125,5.5,9.375],"tintindex":0,"rotation":0,"texture":"#0"},"down":{"uv":[1.25,9.5,0.5,10.25],"tintindex":0,"rotation":0,"texture":"#0"}}},{"from":[2.28,2.78,4.78],"to":[8.72,4.1199975,11.22],"faces":{"east":{"uv":[14.75,5.5,15.5,5.625],"tintindex":0,"rotation":0,"texture":"#0"},"south":{"uv":[14.75,5.625,15.5,5.75],"tintindex":0,"rotation":0,"texture":"#0"},"north":{"uv":[14.75,5.375,15.5,5.5],"tintindex":0,"rotation":0,"texture":"#0"},"west":{"uv":[14.75,5.75,15.5,5.875],"tintindex":0,"rotation":0,"texture":"#0"},"up":{"uv":[7.0,10.25,6.25,9.5],"tintindex":0,"rotation":0,"texture":"#0"},"down":{"uv":[9.75,9.5,9.0,10.25],"tintindex":0,"rotation":0,"texture":"#0"}}},{"from":[2.0,-3.0,3.662849],"to":[4.0,5.0,6.662849],"faces":{"east":{"uv":[6.875,7.375,7.25,8.375],"tintindex":0,"rotation":0,"texture":"#0"},"south":{"uv":[6.0,13.375,6.25,14.375],"tintindex":0,"rotation":0,"texture":"#0"},"north":{"uv":[5.75,13.375,6.0,14.375],"tintindex":0,"rotation":0,"texture":"#0"},"west":{"uv":[11.0,12.5,11.375,13.5],"tintindex":0,"rotation":0,"texture":"#0"},"up":{"uv":[12.25,15.25,12.0,14.875],"tintindex":0,"rotation":0,"texture":"#0"},"down":{"uv":[13.5,14.875,13.25,15.25],"tintindex":0,"rotation":0,"texture":"#0"}},"rotation":{"origin":[2.5,0.0,4.662849],"angle":-45.0,"axis":"y"}},{"from":[8.6171255,11.217123,12.211106],"to":[9.609126,12.209124,13.203107],"faces":{"east":{"uv":[12.25,15.5,12.375,15.625],"tintindex":0,"rotation":0,"texture":"#0"},"south":{"uv":[15.5,12.25,15.625,12.375],"tintindex":0,"rotation":0,"texture":"#0"},"north":{"uv":[15.5,12.125,15.625,12.25],"tintindex":0,"rotation":0,"texture":"#0"},"west":{"uv":[12.375,15.5,12.5,15.625],"tintindex":0,"rotation":0,"texture":"#0"},"up":{"uv":[12.625,15.625,12.5,15.5],"tintindex":0,"rotation":0,"texture":"#0"},"down":{"uv":[15.625,12.5,15.5,12.625],"tintindex":0,"rotation":0,"texture":"#0"}},"rotation":{"origin":[9.113126,11.713123,12.707107],"angle":-45.0,"axis":"x"}},{"from":[1.6091261,4.7091255,2.9959998],"to":[8.609126,5.7091255,12.996],"faces":{"east":{"uv":[14.375,6.75,15.625,6.875],"tintindex":0,"rotation":0,"texture":"#0"},"south":{"uv":[14.625,10.75,15.5,10.875],"tintindex":0,"rotation":0,