{"textures":{"0":"modelengine:entity/em_chromoknight"},"elements":[{"from":[5.0,4.1136684,1.4047132],"to":[10.0,5.1136684,6.404713],"faces":{"east":{"uv":[15.0,2.0,15.625,2.125],"tintindex":0,"rotation":0,"texture":"#0"},"south":{"uv":[15.0,2.125,15.625,2.25],"tintindex":0,"rotation":0,"texture":"#0"},"north":{"uv":[15.0,1.875,15.625,2.0],"tintindex":0,"rotation":0,"texture":"#0"},"west":{"uv":[15.0,4.5,15.625,4.625],"tintindex":0,"rotation":0,"texture":"#0"},"up":{"uv":[12.75,10.5,12.125,9.875],"tintindex":0,"rotation":0,"texture":"#0"},"down":{"uv":[12.75,11.5,12.125,12.125],"tintindex":0,"rotation":0,"texture":"#0"}}},{"from":[5.009,6.174711,2.5897539],"to":[9.991,8.156712,7.5717545],"faces":{"east":{"uv":[14.375,2.0,15.0,2.25],"tintindex":0,"rotation":0,"texture":"#0"},"south":{"uv":[2.5,14.375,3.125,14.625],"tintindex":0,"rotation":0,"texture":"#0"},"north":{"uv":[14.375,1.75,15.0,2.0],"tintindex":0,"rotation":0,"texture":"#0"},"west":{"uv":[5.625,14.375,6.25,14.625],"tintindex":0,"rotation":0,"texture":"#0"},"up":{"uv":[12.75,12.75,12.125,12.125],"tintindex":0,"rotation":0,"texture":"#0"},"down":{"uv":[12.875,1.75,12.25,2.375],"tintindex":0,"rotation":0,"texture":"#0"}},"rotation":{"origin":[7.55,6.6971817,5.623552],"angle":-22.5,"axis":"x"}},{"from":[4.3,6.5636687,9.054713],"to":[10.2,9.463668,12.954713],"faces":{"east":{"uv":[9.875,7.5,10.375,7.875],"tintindex":0,"rotation":0,"texture":"#0"},"south":{"uv":[8.875,13.125,9.625,13.5],"tintindex":0,"rotation":0,"texture":"#0"},"north":{"uv":[8.125,13.125,8.875,13.5],"tintindex":0,"rotation":0,"texture":"#0"},"west":{"uv":[10.75,9.0,11.25,9.375],"tintindex":0,"rotation":0,"texture":"#0"},"up":{"uv":[13.375,11.5,12.625,11.0],"tintindex":0,"rotation":0,"texture":"#0"},"down":{"uv":[13.5,8.125,12.75,8.625],"tintindex":0,"rotation":0,"texture":"#0"}},"rotation":{"origin":[6.75,7.1136684,12.404713],"angle":-22.5,"axis":"x"}},{"from":[4.3,7.6019373,7.1471014],"to":[10.2,9.501937,9.047101],"faces":{"east":{"uv":[15.125,9.25,15.375,9.5],"tintindex":0,"rotation":0,"texture":"#0"},"south":{"uv":[14.125,6.875,14.875,7.125],"tintindex":0,"rotation":0,"texture":"#0"},"north":{"uv":[14.125,4.0,14.875,4.25],"tintindex":0,"rotation":0,"texture":"#0"},"west":{"uv":[15.125,9.5,15.375,9.75],"tintindex":0,"rotation":0,"texture":"#0"},"up":{"uv":[14.875,7.375,14.125,7.125],"tintindex":0,"rotation":0,"texture":"#0"},"down":{"uv":[14.875,7.375,14.125,7.625],"tintindex":0,"rotation":0,"texture":"#0"}},"rotation":{"origin":[6.75,7.151937,12.497101],"angle":-22.5,"axis":"x"}},{"from":[4.97,7.083668,5.374713],"to":[10.03,9.143668,11.434712],"faces":{"east":{"uv":[0.0,13.875,0.75,14.125],"tintindex":0,"rotation":0,"texture":"#0"},"south":{"uv":[13.25,14.25,13.875,14.5],"tintindex":0,"rotation":0,"texture":"#0"},"north":{"uv":[12.625,14.25,13.25,14.5],"tintindex":0,"rotation":0,"texture":"#0"},"west":{"uv":[13.875,0.25,14.625,0.5],"tintindex":0,"rotation":0,"texture":"#0"},"up":{"uv":[12.0,6.625,11.375,5.875],"tintindex":0,"rotation":0,"texture":"#0"},"down":{"uv":[12.0,6.625,11.375,7.375],"tintindex":0,"rotation":0,"texture":"#0"}}},{"from":[5.0,5.1136684,1.4047132],"to":[10.0,7.1136684,13.404713],"faces":{"east":{"uv":[12.75,8.625,14.25,8.875],"tintindex":0,"rotation":0,"texture":"#0"},"south":{"uv":[14.375,0.0,15.0,0.25],"tintindex":0,"rotation":0,"texture":"#0"},"north":{"uv":[13.875,14.25,14.5,14.5],"tintindex":0,"rotation":0,"texture":"#0"},"west":{"uv":[12.75,9.25,14.25,9.5],"tintindex":0,"rotation":0,"texture":"#0"},"up":{"uv":[1.375,8.375,0.75,6.875],"tintindex":0,"rotation":0,"texture":"#0"},"down":{"uv":[2.0,6.875,1.375,8.375],"tintindex":0,"rotation":0,"texture":"#0"}}},{"from":[5.0,8.952833,4.5748234],"to":[10.0,11.952833,10.574823],"faces":{"east":{"uv":[12.0,13.25,12.75,13.625],"tintindex":0,"rotation":0,"texture":"#0"},"south":{"uv":[7.375,13.5,8.0,13.875],"tintindex":0,"rotation":0,"texture":"#0"},"north":{"uv":[2.5,13.5,3.125,13.875],"tintindex":0,"rotation":0,"texture":"#0"},"west":{"uv":[13.375,2.75,14.125,3.125],"tintindex":0,"rotation":0,"texture":"#0"},"up":{"uv":[5.0,12.125,4.375,11.375],"tintindex":0,"rotation":0,"texture":"#0"},"down":{"uv":[12.0,5.125,11.375,5.875],"tintindex":0,"rotation":0,"texture":"#0"}},"rotation":{"origin":[7.55,6.6971817,4.623552],"angle":22.5,"axis":"x"}},{"from":[5.0,4.1136684,7.404713],"to":[10.0,5.1136684,13.404713],"faces":{"east":{"uv":[14.75,6.125,15.5,6.25],"tintindex":0,"rotation":0,"texture":"#0"},"south":{"uv":[15.0,1.75,15.625,1.875],"tintindex":0,"rotation":0,"texture":"#0"},"north":{"uv":[15.0,1.25,15.625,1.375],"tintindex":0,"rotation":0,"texture":"#0"},"west":{"uv":[11.5,14.75,12.25,14.875],"tintindex":0,"rotation":0,"texture":"#0"},"up":{"uv":[12.0,11.625,11.375,10.875],"tintindex":0,"rotation":0,"texture":"#0"},"down":{"uv":[12.125,8.125,11.5,8.875],"tintindex":0,"rotation":0,"texture":"#0"}}}],"display":{"gui":{"rotation":[30,225,0]}}}