{"textures":{"8":"modelengine:entity/pirate_captain_seaweed_hit"},"elements":[{"from":[2.5,3.6179848,-1.211153],"to":[13.5,8.617985,10.788847],"faces":{"east":{"uv":[10.125,0.0,10.875,0.3125],"tintindex":0,"rotation":0,"texture":"#8"},"south":{"uv":[2.6875,10.375,3.375,10.6875],"tintindex":0,"rotation":0,"texture":"#8"},"north":{"uv":[1.4375,8.0625,2.125,8.375],"tintindex":0,"rotation":0,"texture":"#8"},"west":{"uv":[6.375,10.125,7.125,10.4375],"tintindex":0,"rotation":0,"texture":"#8"},"up":{"uv":[9.0625,3.875,8.375,3.125],"tintindex":0,"rotation":0,"texture":"#8"},"down":{"uv":[5.125,8.375,4.4375,9.125],"tintindex":0,"rotation":0,"texture":"#8"}},"rotation":{"origin":[8.0,8.32658,6.571682],"angle":-22.5,"axis":"x"}},{"from":[-1.5,5.617441,-0.7302351],"to":[17.5,17.617441,12.269764],"faces":{"east":{"uv":[8.0,2.375,8.8125,3.125],"tintindex":0,"rotation":0,"texture":"#8"},"south":{"uv":[5.5,1.0625,6.6875,1.8125],"tintindex":0,"rotation":0,"texture":"#8"},"north":{"uv":[5.1875,5.3125,6.375,6.0625],"tintindex":0,"rotation":0,"texture":"#8"},"west":{"uv":[8.8125,2.375,8.0,3.125],"tintindex":0,"rotation":0,"texture":"#8"},"up":{"uv":[4.0,5.5,2.8125,4.6875],"tintindex":0,"rotation":0,"texture":"#8"},"down":{"uv":[5.1875,4.6875,4.0,5.5],"tintindex":0,"rotation":0,"texture":"#8"}}},{"from":[-1.5,-1.8136234,13.094381],"to":[17.5,9.186377,13.094381],"faces":{"south":{"uv":[1.4375,5.75,2.625,6.4375],"tintindex":0,"rotation":0,"texture":"#8"},"north":{"uv":[2.625,5.75,1.4375,6.4375],"tintindex":0,"rotation":0,"texture":"#8"}},"rotation":{"origin":[8.0,8.32658,6.571682],"angle":-22.5,"axis":"x"}},{"from":[4.0,7.617441,-1.7302351],"to":[12.0,12.617441,-0.7302351],"faces":{"east":{"uv":[2.8125,4.375,2.875,4.6875],"tintindex":0,"rotation":0,"texture":"#8"},"south":{"uv":[10.8125,4.0625,11.3125,4.375],"tintindex":0,"rotation":0,"texture":"#8"},"north":{"uv":[1.0625,10.8125,1.5625,11.125],"tintindex":0,"rotation":0,"texture":"#8"},"west":{"uv":[5.6875,3.3125,5.75,3.625],"tintindex":0,"rotation":0,"texture":"#8"},"up":{"uv":[5.1875,3.8125,4.6875,3.75],"tintindex":0,"rotation":0,"texture":"#8"},"down":{"uv":[5.6875,3.75,5.1875,3.8125],"tintindex":0,"rotation":0,"texture":"#8"}}}]}