{"textures":{"8":"modelengine:entity/pirate_captain_seaweed_hit"},"elements":[{"from":[16.43132,0.08800125,2.1308584],"to":[16.43132,7.0880013,18.13086],"faces":{"east":{"uv":[4.6875,3.3125,5.6875,3.75],"tintindex":0,"rotation":0,"texture":"#8"},"west":{"uv":[8.25,4.75,9.25,5.1875],"tintindex":0,"rotation":0,"texture":"#8"}},"rotation":{"origin":[13.659683,8.236053,2.1308584],"angle":22.5,"axis":"z"}},{"from":[7.6606064,8.236435,2.1308584],"to":[17.660606,13.236435,18.13086],"faces":{"east":{"uv":[9.625,2.8125,10.625,3.125],"tintindex":0,"rotation":0,"texture":"#8"},"south":{"uv":[10.4375,3.4375,11.0625,3.75],"tintindex":0,"rotation":0,"texture":"#8"},"north":{"uv":[10.4375,0.3125,11.0625,0.625],"tintindex":0,"rotation":0,"texture":"#8"},"west":{"uv":[9.625,3.125,10.625,3.4375],"tintindex":0,"rotation":0,"texture":"#8"},"up":{"uv":[8.0,3.375,7.375,2.375],"tintindex":0,"rotation":0,"texture":"#8"},"down":{"uv":[8.0625,0.625,7.4375,1.625],"tintindex":0,"rotation":0,"texture":"#8"}}}],"display":{"gui":{"rotation":[30,225,0]}}}