{"textures":{"0":"modelengine:entity/cryonic_crab"},"elements":[{"from":[-4.4558563,5.2525187,3.3889313],"to":[6.5441437,10.252519,7.3889313],"faces":{"east":{"uv":[2.375,10.75,2.875,11.375],"tintindex":0,"rotation":0,"texture":"#0"},"south":{"uv":[8.5,3.625,9.875,4.25],"tintindex":0,"rotation":0,"texture":"#0"},"north":{"uv":[8.5,3.625,9.875,4.25],"tintindex":0,"rotation":0,"texture":"#0"},"west":{"uv":[2.375,10.75,2.875,11.375],"tintindex":0,"rotation":0,"texture":"#0"},"up":{"uv":[10.375,1.125,9.0,0.625],"tintindex":0,"rotation":0,"texture":"#0"},"down":{"uv":[10.375,1.125,9.0,0.625],"tintindex":0,"rotation":0,"texture":"#0"}},"rotation":{"origin":[4.0441437,8.252519,9.388931],"angle":-45.0,"axis":"y"}}]}