{"textures":{"1":"modelengine:entity/ink_panda"},"elements":[{"from":[7.65625,8.15625,7.53125],"to":[8.40625,28.40625,8.28125],"faces":{"east":{"uv":[5.0,3.5,10.0625,3.6875],"tintindex":0,"rotation":90,"texture":"#1"},"south":{"uv":[5.3125,4.0,5.125,9.0625],"tintindex":0,"rotation":0,"texture":"#1"},"north":{"uv":[3.6875,9.8125,3.5,4.75],"tintindex":0,"rotation":180,"texture":"#1"},"west":{"uv":[5.0,3.75,10.0625,3.9375],"tintindex":0,"rotation":270,"texture":"#1"},"up":{"uv":[9.25,5.875,9.4375,6.0625],"tintindex":0,"rotation":0,"texture":"#1"},"down":{"uv":[7.875,3.25,8.0625,3.4375],"tintindex":0,"rotation":180,"texture":"#1"}}},{"from":[6.28125,2.90625,6.15625],"to":[9.78125,6.40625,9.65625],"faces":{"east":{"uv":[8.125,0.0,9.0,0.875],"tintindex":0,"rotation":90,"texture":"#1"},"south":{"uv":[0.875,8.25,0.0,9.125],"tintindex":0,"rotation":0,"texture":"#1"},"north":{"uv":[9.0,3.5,8.125,2.625],"tintindex":0,"rotation":180,"texture":"#1"},"west":{"uv":[8.125,1.75,9.0,2.625],"tintindex":0,"rotation":270,"texture":"#1"},"up":{"uv":[8.125,0.875,9.0,1.75],"tintindex":0,"rotation":0,"texture":"#1"},"down":{"uv":[8.0,4.0,8.875,4.875],"tintindex":0,"rotation":180,"texture":"#1"}}},{"from":[7.28125,6.40625,7.15625],"to":[8.78125,8.15625,8.65625],"faces":{"east":{"uv":[11.25,4.875,11.6875,5.1875],"tintindex":0,"rotation":90,"texture":"#1"},"south":{"uv":[11.625,4.375,11.25,4.8125],"tintindex":0,"rotation":0,"texture":"#1"},"north":{"uv":[11.625,3.6875,11.25,3.25],"tintindex":0,"rotation":180,"texture":"#1"},"west":{"uv":[6.625,11.25,7.0625,11.5625],"tintindex":0,"rotation":270,"texture":"#1"},"up":{"uv":[8.75,9.25,9.125,9.5625],"tintindex":0,"rotation":0,"texture":"#1"},"down":{"uv":[8.625,7.0,9.0,7.3125],"tintindex":0,"rotation":180,"texture":"#1"}}},{"from":[7.03125,0.65625,6.90625],"to":[9.03125,2.90625,9.15625],"faces":{"east":{"uv":[2.125,10.75,2.6875,11.3125],"tintindex":0,"rotation":90,"texture":"#1"},"south":{"uv":[11.375,0.0,10.875,0.5625],"tintindex":0,"rotation":0,"texture":"#1"},"north":{"uv":[9.375,11.3125,8.875,10.75],"tintindex":0,"rotation":180,"texture":"#1"},"west":{"uv":[10.75,3.75,11.3125,4.3125],"tintindex":0,"rotation":270,"texture":"#1"},"up":{"uv":[8.375,10.75,8.875,11.3125],"tintindex":0,"rotation":0,"texture":"#1"},"down":{"uv":[10.75,4.375,11.25,4.9375],"tintindex":0,"rotation":180,"texture":"#1"}}}],"display":{"gui":{"rotation":[30,225,0]}}}