{"textures":{"0":"modelengine:entity/ink_panda_main_phase2"},"elements":[{"from":[7.53125,7.59375,-0.34375],"to":[8.28125,8.34375,19.90625],"faces":{"east":{"uv":[5.0,3.5,10.0625,3.6875],"tintindex":0,"rotation":0,"texture":"#0"},"south":{"uv":[9.25,5.875,9.4375,6.0625],"tintindex":0,"rotation":0,"texture":"#0"},"north":{"uv":[7.875,3.25,8.0625,3.4375],"tintindex":0,"rotation":0,"texture":"#0"},"west":{"uv":[5.0,3.75,10.0625,3.9375],"tintindex":0,"rotation":0,"texture":"#0"},"up":{"uv":[3.6875,9.8125,3.5,4.75],"tintindex":0,"rotation":0,"texture":"#0"},"down":{"uv":[5.3125,4.0,5.125,9.0625],"tintindex":0,"rotation":0,"texture":"#0"}}},{"from":[7.03125,6.84375,-7.84375],"to":[9.03125,9.09375,-5.59375],"faces":{"east":{"uv":[2.125,10.75,2.6875,11.3125],"tintindex":0,"rotation":0,"texture":"#0"},"south":{"uv":[8.375,10.75,8.875,11.3125],"tintindex":0,"rotation":0,"texture":"#0"},"north":{"uv":[10.75,4.375,11.25,4.9375],"tintindex":0,"rotation":0,"texture":"#0"},"west":{"uv":[10.75,3.75,11.3125,4.3125],"tintindex":0,"rotation":0,"texture":"#0"},"up":{"uv":[9.375,11.3125,8.875,10.75],"tintindex":0,"rotation":0,"texture":"#0"},"down":{"uv":[11.375,0.0,10.875,0.5625],"tintindex":0,"rotation":0,"texture":"#0"}}},{"from":[7.28125,7.34375,-2.09375],"to":[8.78125,8.59375,-0.34375],"faces":{"east":{"uv":[11.25,4.875,11.6875,5.1875],"tintindex":0,"rotation":0,"texture":"#0"},"south":{"uv":[8.75,9.25,9.125,9.5625],"tintindex":0,"rotation":0,"texture":"#0"},"north":{"uv":[8.625,7.0,9.0,7.3125],"tintindex":0,"rotation":0,"texture":"#0"},"west":{"uv":[6.625,11.25,7.0625,11.5625],"tintindex":0,"rotation":0,"texture":"#0"},"up":{"uv":[11.625,3.6875,11.25,3.25],"tintindex":0,"rotation":0,"texture":"#0"},"down":{"uv":[11.625,4.375,11.25,4.8125],"tintindex":0,"rotation":0,"texture":"#0"}}},{"from":[6.28125,6.34375,-5.59375],"to":[9.78125,9.84375,-2.09375],"faces":{"east":{"uv":[8.125,0.0,9.0,0.875],"tintindex":0,"rotation":0,"texture":"#0"},"south":{"uv":[8.125,0.875,9.0,1.75],"tintindex":0,"rotation":0,"texture":"#0"},"north":{"uv":[8.0,4.0,8.875,4.875],"tintindex":0,"rotation":0,"texture":"#0"},"west":{"uv":[8.125,1.75,9.0,2.625],"tintindex":0,"rotation":0,"texture":"#0"},"up":{"uv":[9.0,3.5,8.125,2.625],"tintindex":0,"rotation":0,"texture":"#0"},"down":{"uv":[0.875,8.25,0.0,9.125],"tintindex":0,"rotation":0,"texture":"#0"}}}],"display":{"gui":{"rotation":[30,225,0]}}}