{"textures":{"0":"modelengine:entity/ink_panda_main_phase2"},"elements":[{"from":[-2.6500006,7.199999,4.35],"to":[0.8499994,9.200001,11.85],"faces":{"east":{"uv":[11.0625,3.375,10.125,3.625],"tintindex":0,"rotation":0,"texture":"#0"},"south":{"uv":[11.3125,9.625,10.875,9.875],"tintindex":0,"rotation":0,"texture":"#0"},"north":{"uv":[10.5625,1.0,10.125,1.25],"tintindex":0,"rotation":0,"texture":"#0"},"west":{"uv":[11.0625,0.75,10.125,1.0],"tintindex":0,"rotation":0,"texture":"#0"},"up":{"uv":[2.375,10.5625,2.8125,9.625],"tintindex":0,"rotation":0,"texture":"#0"},"down":{"uv":[2.375,9.625,2.8125,10.5625],"tintindex":0,"rotation":0,"texture":"#0"}}},{"from":[-1.6500006,5.199999,5.35],"to":[7.8499994,10.700001,10.85],"faces":{"east":{"uv":[9.75,1.875,10.4375,2.5625],"tintindex":0,"rotation":0,"texture":"#0"},"south":{"uv":[6.75,0.0,7.9375,0.6875],"tintindex":0,"rotation":0,"texture":"#0"},"north":{"uv":[6.25,2.75,7.4375,3.4375],"tintindex":0,"rotation":0,"texture":"#0"},"west":{"uv":[9.75,2.625,10.4375,3.3125],"tintindex":0,"rotation":0,"texture":"#0"},"up":{"uv":[7.9375,4.6875,6.75,4.0],"tintindex":0,"rotation":0,"texture":"#0"},"down":{"uv":[7.9375,4.75,6.75,5.4375],"tintindex":0,"rotation":0,"texture":"#0"}}},{"from":[-1.6500006,8.199999,10.85],"to":[7.8499994,8.199999,21.35],"faces":{"up":{"uv":[1.1875,2.6875,0.0,1.375],"tintindex":0,"rotation":0,"texture":"#0"},"down":{"uv":[2.4375,1.375,1.25,2.6875],"tintindex":0,"rotation":0,"texture":"#0"}}}],"display":{"gui":{"rotation":[30,225,0]}}}