{"textures":{"0":"modelengine:entity/ink_panda_main_phase2","1":"modelengine:entity/ink_panda_main"},"elements":[{"from":[-5.0299406,-1.9087563,4.8561783],"to":[-3.0299406,10.591244,12.856178],"faces":{"east":{"uv":[11.625,5.75,12.625,7.3125],"tintindex":0,"rotation":0,"texture":"#0"},"south":{"uv":[8.125,6.5,8.375,8.0625],"tintindex":0,"rotation":0,"texture":"#0"},"north":{"uv":[5.75,0.0,6.0,1.5625],"tintindex":0,"rotation":0,"texture":"#0"},"west":{"uv":[6.625,11.625,7.625,13.1875],"tintindex":0,"rotation":0,"texture":"#0"},"up":{"uv":[3.875,1.875,3.625,0.875],"tintindex":0,"rotation":0,"texture":"#0"},"down":{"uv":[1.75,4.0,1.5,5.0],"tintindex":0,"rotation":0,"texture":"#0"}},"rotation":{"origin":[0.22005892,4.3412437,8.856178],"angle":-45.0,"axis":"z"}},{"from":[-1.1895018,5.0732536,3.8561783],"to":[4.3104987,10.573254,13.856178],"faces":{"east":{"uv":[6.25,1.25,7.5,1.9375],"tintindex":0,"rotation":0,"texture":"#0"},"south":{"uv":[7.625,10.125,8.3125,10.8125],"tintindex":0,"rotation":0,"texture":"#0"},"north":{"uv":[6.875,10.125,7.5625,10.8125],"tintindex":0,"rotation":0,"texture":"#0"},"west":{"uv":[6.25,2.0,7.5,2.6875],"tintindex":0,"rotation":0,"texture":"#0"},"up":{"uv":[6.9375,6.75,6.25,5.5],"tintindex":0,"rotation":0,"texture":"#0"},"down":{"uv":[2.6875,6.375,2.0,7.625],"tintindex":0,"rotation":0,"texture":"#0"}},"rotation":{"origin":[0.8104987,7.0732536,8.856178],"angle":-22.5,"axis":"z"}},{"from":[10.310499,5.0732536,3.8561783],"to":[15.810499,10.573254,13.856178],"faces":{"east":{"uv":[2.125,5.625,3.375,6.3125],"tintindex":0,"rotation":0,"texture":"#0"},"south":{"uv":[6.125,10.125,6.8125,10.8125],"tintindex":0,"rotation":0,"texture":"#0"},"north":{"uv":[3.75,10.125,4.4375,10.8125],"tintindex":0,"rotation":0,"texture":"#0"},"west":{"uv":[0.0,5.875,1.25,6.5625],"tintindex":0,"rotation":0,"texture":"#0"},"up":{"uv":[1.9375,7.125,1.25,5.875],"tintindex":0,"rotation":0,"texture":"#0"},"down":{"uv":[6.6875,0.0,6.0,1.25],"tintindex":0,"rotation":0,"texture":"#0"}},"rotation":{"origin":[13.810499,7.0732536,8.856178],"angle":22.5,"axis":"z"}},{"from":[1.8104987,5.5732536,5.8561783],"to":[12.810499,11.073254,12.856178],"faces":{"east":{"uv":[4.625,9.5,5.5,10.1875],"tintindex":0,"rotation":0,"texture":"#0"},"south":{"uv":[5.375,4.75,6.75,5.4375],"tintindex":0,"rotation":0,"texture":"#0"},"north":{"uv":[5.375,4.0,6.75,4.6875],"tintindex":0,"rotation":0,"texture":"#0"},"west":{"uv":[9.5,5.875,10.375,6.5625],"tintindex":0,"rotation":0,"texture":"#0"},"up":{"uv":[3.5,5.625,2.125,4.75],"tintindex":0,"rotation":0,"texture":"#0"},"down":{"uv":[2.125,5.0,0.75,5.875],"tintindex":0,"rotation":0,"texture":"#0"}},"rotation":{"origin":[6.8104987,9.073254,9.356178],"angle":22.5,"axis":"x"}},{"from":[5.8104987,7.5732536,12.856178],"to":[8.810498,10.573254,15.856178],"faces":{"east":{"uv":[0.75,7.5,1.125,7.875],"tintindex":0,"rotation":0,"texture":"#1"},"south":{"uv":[0.75,7.5,1.125,7.875],"tintindex":0,"rotation":0,"texture":"#1"},"north":{"uv":[0.75,7.5,1.125,7.875],"tintindex":0,"rotation":0,"texture":"#1"},"west":{"uv":[0.75,7.5,1.125,7.875],"tintindex":0,"rotation":0,"texture":"#1"},"up":{"uv":[0.75,7.5,1.125,7.875],"tintindex":0,"rotation":0,"texture":"#1"},"down":{"uv":[0.75,7.5,1.125,7.875],"tintindex":0,"rotation":0,"texture":"#1"}}},{"from":[17.812572,-1.9087563,4.8561783],"to":[19.812572,10.591244,12.856178],"faces":{"east":{"uv":[7.625,11.625,6.625,13.1875],"tintindex":0,"rotation":0,"texture":"#0"},"south":{"uv":[8.375,6.5,8.125,8.0625],"tintindex":0,"rotation":0,"texture":"#0"},"north":{"uv":[6.0,0.0,5.75,1.5625],"tintindex":0,"rotation":0,"texture":"#0"},"west":{"uv":[12.625,5.75,11.625,7.3125],"tintindex":0,"rotation":0,"texture":"#0"},"up":{"uv":[3.625,1.875,3.875,0.875],"tintindex":0,"rotation":0,"texture":"#0"},"down":{"uv":[1.5,4.0,1.75,5.0],"tintindex":0,"rotation":0,"texture":"#0"}},"rotation":{"origin":[14.562574,4.3412437,8.856178],"angle":45.0,"axis":"z"}}],"display":{"gui":{"rotation":[30,225,0]}}}