{"textures":{"0":"modelengine:entity/ink_panda_main"},"elements":[{"from":[8.15,8.199999,10.85],"to":[17.65,8.199999,21.35],"faces":{"up":{"uv":[1.1875,1.3125,0.0,0.0],"tintindex":0,"rotation":0,"texture":"#0"},"down":{"uv":[2.4375,0.0,1.25,1.3125],"tintindex":0,"rotation":0,"texture":"#0"}}},{"from":[8.15,5.199999,5.35],"to":[17.65,10.700001,10.85],"faces":{"east":{"uv":[9.875,7.375,10.5625,8.0625],"tintindex":0,"rotation":0,"texture":"#0"},"south":{"uv":[6.625,6.75,7.8125,7.4375],"tintindex":0,"rotation":0,"texture":"#0"},"north":{"uv":[5.375,6.75,6.5625,7.4375],"tintindex":0,"rotation":0,"texture":"#0"},"west":{"uv":[9.875,8.125,10.5625,8.8125],"tintindex":0,"rotation":0,"texture":"#0"},"up":{"uv":[8.1875,6.1875,7.0,5.5],"tintindex":0,"rotation":0,"texture":"#0"},"down":{"uv":[6.75,4.75,7.9375,5.4375],"tintindex":0,"rotation":0,"texture":"#0"}}},{"from":[15.15,7.199999,4.35],"to":[18.65,9.200001,11.85],"faces":{"east":{"uv":[10.125,0.75,11.0625,1.0],"tintindex":0,"rotation":0,"texture":"#0"},"south":{"uv":[10.875,9.625,11.3125,9.875],"tintindex":0,"rotation":0,"texture":"#0"},"north":{"uv":[10.125,1.0,10.5625,1.25],"tintindex":0,"rotation":0,"texture":"#0"},"west":{"uv":[10.125,3.375,11.0625,3.625],"tintindex":0,"rotation":0,"texture":"#0"},"up":{"uv":[2.8125,10.5625,2.375,9.625],"tintindex":0,"rotation":0,"texture":"#0"},"down":{"uv":[2.8125,9.625,2.375,10.5625],"tintindex":0,"rotation":0,"texture":"#0"}}}],"display":{"gui":{"rotation":[30,225,0]}}}