{"textures":{"0":"modelengine:entity/lr_anubis"},"elements":[{"from":[2.000743,2.9958038,4.3600907],"to":[4.000743,5.995804,8.36009],"faces":{"east":{"uv":[8.375,6.625,8.125,6.8125],"tintindex":0,"rotation":0,"texture":"#0"},"south":{"uv":[1.875,8.1875,1.75,8.375],"tintindex":0,"rotation":0,"texture":"#0"},"north":{"uv":[1.75,8.1875,1.625,8.375],"tintindex":0,"rotation":0,"texture":"#0"},"west":{"uv":[8.375,5.8125,8.125,6.0],"tintindex":0,"rotation":0,"texture":"#0"},"up":{"uv":[1.5625,5.6875,1.6875,5.4375],"tintindex":0,"rotation":0,"texture":"#0"},"down":{"uv":[6.6875,6.3125,6.8125,6.5625],"tintindex":0,"rotation":0,"texture":"#0"}}},{"from":[1.0041914,-1.0062714,4.46],"to":[7.0041904,2.9937286,11.46],"faces":{"east":{"uv":[8.1875,0.9375,7.75,1.1875],"tintindex":0,"rotation":0,"texture":"#0"},"south":{"uv":[7.125,7.8125,6.75,8.0625],"tintindex":0,"rotation":0,"texture":"#0"},"north":{"uv":[5.6875,7.8125,5.3125,8.0625],"tintindex":0,"rotation":0,"texture":"#0"},"west":{"uv":[8.1875,0.6875,7.75,0.9375],"tintindex":0,"rotation":0,"texture":"#0"},"up":{"uv":[2.0625,7.4375,2.4375,7.0],"tintindex":0,"rotation":0,"texture":"#0"},"down":{"uv":[3.1875,7.0,3.5625,7.4375],"tintindex":0,"rotation":0,"texture":"#0"}},"rotation":{"origin":[5.0041914,-0.0062713623,8.049999],"angle":-22.5,"axis":"z"}},{"from":[4.0,2.0,4.46],"to":[8.0,8.0,11.46],"faces":{"east":{"uv":[2.0625,7.0,1.625,7.375],"tintindex":0,"rotation":0,"texture":"#0"},"south":{"uv":[1.875,7.8125,1.625,8.1875],"tintindex":0,"rotation":0,"texture":"#0"},"north":{"uv":[4.1875,6.25,3.9375,6.625],"tintindex":0,"rotation":0,"texture":"#0"},"west":{"uv":[1.0,7.0,0.5625,7.375],"tintindex":0,"rotation":0,"texture":"#0"},"up":{"uv":[2.9375,8.0625,3.1875,7.625],"tintindex":0,"rotation":0,"texture":"#0"},"down":{"uv":[7.6875,7.3125,7.9375,7.75],"tintindex":0,"rotation":0,"texture":"#0"}}}],"display":{"gui":{"rotation":[30,225,0]}}}