{"textures":{"0":"modelengine:entity/candysamuraiorange"},"elements":[{"from":[10.574461,3.9167747,4.6175528],"to":[11.406893,11.162537,5.832903],"faces":{"east":{"uv":[9.125,8.0,8.875,9.125],"tintindex":0,"rotation":0,"texture":"#0"},"south":{"uv":[7.625,9.25,7.5,10.375],"tintindex":0,"rotation":0,"texture":"#0"},"north":{"uv":[5.125,9.0,5.0,10.125],"tintindex":0,"rotation":0,"texture":"#0"},"west":{"uv":[3.75,8.875,3.5,10.0],"tintindex":0,"rotation":0,"texture":"#0"},"up":{"uv":[8.5,0.75,8.625,0.5],"tintindex":0,"rotation":0,"texture":"#0"},"down":{"uv":[2.375,8.5,2.5,8.75],"tintindex":0,"rotation":0,"texture":"#0"}},"rotation":{"origin":[10.990677,7.5396557,3.2828875],"angle":22.5,"axis":"y"}},{"from":[10.574461,3.9167747,10.155998],"to":[11.406893,11.162537,11.371348],"faces":{"east":{"uv":[4.25,9.0,4.0,10.125],"tintindex":0,"rotation":0,"texture":"#0"},"south":{"uv":[0.625,9.375,0.5,10.5],"tintindex":0,"rotation":0,"texture":"#0"},"north":{"uv":[0.5,9.375,0.375,10.5],"tintindex":0,"rotation":0,"texture":"#0"},"west":{"uv":[4.0,9.0,3.75,10.125],"tintindex":0,"rotation":0,"texture":"#0"},"up":{"uv":[8.5,2.625,8.625,2.375],"tintindex":0,"rotation":0,"texture":"#0"},"down":{"uv":[2.5,8.5,2.625,8.75],"tintindex":0,"rotation":0,"texture":"#0"}},"rotation":{"origin":[10.990677,7.5396557,12.706013],"angle":-22.5,"axis":"y"}},{"from":[11.517883,3.9167747,5.4499846],"to":[12.350315,11.162537,10.550015],"faces":{"east":{"uv":[5.875,0.0,5.0,1.125],"tintindex":0,"rotation":0,"texture":"#0"},"south":{"uv":[8.875,9.25,8.75,10.375],"tintindex":0,"rotation":0,"texture":"#0"},"north":{"uv":[8.75,9.25,8.625,10.375],"tintindex":0,"rotation":0,"texture":"#0"},"west":{"uv":[5.375,4.375,4.5,5.5],"tintindex":0,"rotation":0,"texture":"#0"},"up":{"uv":[5.0,2.0,5.125,1.125],"tintindex":0,"rotation":0,"texture":"#0"},"down":{"uv":[5.125,1.125,5.25,2.0],"tintindex":0,"rotation":0,"texture":"#0"}}},{"from":[7.530259,3.9167747,5.727462],"to":[11.620829,10.052628,10.272538],"faces":{"east":{"uv":[6.875,6.25,6.125,7.25],"tintindex":0,"rotation":0,"texture":"#0"},"south":{"uv":[7.625,3.25,7.0,4.25],"tintindex":0,"rotation":0,"texture":"#0"},"north":{"uv":[7.5,6.25,6.875,7.25],"tintindex":0,"rotation":0,"texture":"#0"},"west":{"uv":[6.875,5.25,6.125,6.25],"tintindex":0,"rotation":0,"texture":"#0"},"up":{"uv":[7.625,4.0,8.25,3.25],"tintindex":0,"rotation":0,"texture":"#0"},"down":{"uv":[3.875,7.625,4.5,8.375],"tintindex":0,"rotation":0,"texture":"#0"}}}],"display":{"gui":{"rotation":[30,225,0]}}}