{"textures":{"0":"modelengine:entity/wolfebersahd"},"elements":[{"from":[11.1,3.0,2.25],"to":[14.1,8.0,7.25],"faces":{"east":{"uv":[14.2625,0.0125,14.8625,0.6125],"tintindex":0,"rotation":0,"texture":"#0"},"south":{"uv":[9.6375,14.7625,9.9875,15.3625],"tintindex":0,"rotation":0,"texture":"#0"},"north":{"uv":[9.2625,14.7625,9.6125,15.3625],"tintindex":0,"rotation":0,"texture":"#0"},"west":{"uv":[3.1375,14.2625,3.7375,14.8625],"tintindex":0,"rotation":0,"texture":"#0"},"up":{"uv":[10.3625,15.3625,10.0125,14.7625],"tintindex":0,"rotation":0,"texture":"#0"},"down":{"uv":[15.1125,10.3875,14.7625,10.9875],"tintindex":0,"rotation":0,"texture":"#0"}},"rotation":{"origin":[12.6,4.0,3.25],"angle":45.0,"axis":"x"}},{"from":[8.228974,-4.7220287,4.75],"to":[13.228974,-2.7220297,6.75],"faces":{"east":{"uv":[3.7625,7.6375,3.9875,7.8625],"tintindex":0,"rotation":0,"texture":"#0"},"south":{"uv":[12.2625,2.0125,12.8625,2.2375],"tintindex":0,"rotation":0,"texture":"#0"},"north":{"uv":[4.0125,11.1375,4.6125,11.3625],"tintindex":0,"rotation":0,"texture":"#0"},"west":{"uv":[11.2625,7.0125,11.4875,7.2375],"tintindex":0,"rotation":0,"texture":"#0"},"up":{"uv":[15.3625,3.4875,14.7625,3.2625],"tintindex":0,"rotation":0,"texture":"#0"},"down":{"uv":[15.4875,0.3875,14.8875,0.6125],"tintindex":0,"rotation":0,"texture":"#0"}},"rotation":{"origin":[10.228974,-3.7220287,5.75],"angle":-22.5,"axis":"z"}},{"from":[8.0,2.1,4.25],"to":[12.0,8.1,12.25],"faces":{"east":{"uv":[13.5125,1.0125,14.4875,1.7375],"tintindex":0,"rotation":0,"texture":"#0"},"south":{"uv":[3.7625,14.5125,4.2375,15.2375],"tintindex":0,"rotation":0,"texture":"#0"},"north":{"uv":[14.5125,1.3875,14.9875,2.1125],"tintindex":0,"rotation":0,"texture":"#0"},"west":{"uv":[13.5125,9.8875,14.4875,10.6125],"tintindex":0,"rotation":0,"texture":"#0"},"up":{"uv":[14.4875,2.7375,14.0125,1.7625],"tintindex":0,"rotation":0,"texture":"#0"},"down":{"uv":[6.6125,14.0125,6.1375,14.9875],"tintindex":0,"rotation":0,"texture":"#0"}}},{"from":[11.6,0.54119587,2.1423492],"to":[13.6,3.5411959,4.1423492],"faces":{"east":{"uv":[8.8875,9.7625,9.1125,10.1125],"tintindex":0,"rotation":0,"texture":"#0"},"south":{"uv":[8.8875,10.1375,9.1125,10.4875],"tintindex":0,"rotation":0,"texture":"#0"},"north":{"uv":[3.7625,7.2625,3.9875,7.6125],"tintindex":0,"rotation":0,"texture":"#0"},"west":{"uv":[6.1375,10.3875,6.3625,10.7375],"tintindex":0,"rotation":0,"texture":"#0"},"up":{"uv":[10.6125,11.4875,10.3875,11.2625],"tintindex":0,"rotation":0,"texture":"#0"},"down":{"uv":[5.3625,11.3875,5.1375,11.6125],"tintindex":0,"rotation":0,"texture":"#0"}},"rotation":{"origin":[12.1,4.541196,3.1423492],"angle":22.5,"axis":"x"}},{"from":[8.0,-3.8999996,4.25],"to":[11.0,2.1,7.25],"faces":{"east":{"uv":[8.7625,7.3875,9.1125,8.1125],"tintindex":0,"rotation":0,"texture":"#0"},"south":{"uv":[4.7625,12.5125,5.1125,13.2375],"tintindex":0,"rotation":0,"texture":"#0"},"north":{"uv":[6.3875,3.0125,6.7375,3.7375],"tintindex":0,"rotation":0,"texture":"#0"},"west":{"uv":[5.7625,14.3875,6.1125,15.1125],"tintindex":0,"rotation":0,"texture":"#0"},"up":{"uv":[15.2375,6.4875,14.8875,6.1375],"tintindex":0,"rotation":0,"texture":"#0"},"down":{"uv":[15.2375,6.5125,14.8875,6.8625],"tintindex":0,"rotation":0,"texture":"#0"}}}],"display":{"gui":{"rotation":[30,225,0]}}}