{"textures":{"0":"modelengine:entity/wolfebersahd"},"elements":[{"from":[8.2,1.1000004,6.0],"to":[13.2,3.1,10.0],"faces":{"east":{"uv":[0.0125,15.5125,0.4875,15.7375],"tintindex":0,"rotation":0,"texture":"#0"},"south":{"uv":[1.8875,15.7625,2.4875,15.9875],"tintindex":0,"rotation":0,"texture":"#0"},"north":{"uv":[0.0125,15.7625,0.6125,15.9875],"tintindex":0,"rotation":0,"texture":"#0"},"west":{"uv":[0.0125,15.2625,0.4875,15.4875],"tintindex":0,"rotation":0,"texture":"#0"},"up":{"uv":[1.8625,15.9875,1.2625,15.5125],"tintindex":0,"rotation":0,"texture":"#0"},"down":{"uv":[1.2375,15.5125,0.6375,15.9875],"tintindex":0,"rotation":0,"texture":"#0"}},"rotation":{"origin":[10.2,2.1000004,8.0],"angle":-22.5,"axis":"z"}},{"from":[7.9710255,1.9220295,5.5],"to":[10.971025,7.9220295,10.5],"faces":{"east":{"uv":[6.5125,15.2625,7.1125,15.9875],"tintindex":0,"rotation":0,"texture":"#0"},"south":{"uv":[7.1375,15.2625,7.4875,15.9875],"tintindex":0,"rotation":0,"texture":"#0"},"north":{"uv":[5.3875,15.2625,5.7375,15.9875],"tintindex":0,"rotation":0,"texture":"#0"},"west":{"uv":[4.7625,15.2625,5.3625,15.9875],"tintindex":0,"rotation":0,"texture":"#0"},"up":{"uv":[6.4875,15.9875,6.1375,15.3875],"tintindex":0,"rotation":0,"texture":"#0"},"down":{"uv":[6.1125,15.3875,5.7625,15.9875],"tintindex":0,"rotation":0,"texture":"#0"}}}],"display":{"gui":{"rotation":[30,225,0]}}}