{"textures":{"0":"modelengine:entity/wolfebersahd"},"elements":[{"from":[5.205372,0.0046625137,0.09751797],"to":[11.205372,8.004663,8.097518],"faces":{"east":{"uv":[13.0125,2.0125,13.9875,2.9875],"tintindex":0,"rotation":0,"texture":"#0"},"south":{"uv":[13.3875,3.0125,14.1125,3.9875],"tintindex":0,"rotation":0,"texture":"#0"},"north":{"uv":[4.0125,5.7625,4.7375,6.7375],"tintindex":0,"rotation":0,"texture":"#0"},"west":{"uv":[6.1375,13.0125,7.1125,13.9875],"tintindex":0,"rotation":0,"texture":"#0"},"up":{"uv":[5.4875,14.3625,4.7625,13.3875],"tintindex":0,"rotation":0,"texture":"#0"},"down":{"uv":[14.1125,11.1375,13.3875,12.1125],"tintindex":0,"rotation":0,"texture":"#0"}}},{"from":[5.205372,-7.9953365,1.097518],"to":[9.205372,0.0046625137,7.097518],"faces":{"east":{"uv":[13.3875,12.1375,14.1125,13.1125],"tintindex":0,"rotation":0,"texture":"#0"},"south":{"uv":[0.5125,14.0125,0.9875,14.9875],"tintindex":0,"rotation":0,"texture":"#0"},"north":{"uv":[0.0125,14.0125,0.4875,14.9875],"tintindex":0,"rotation":0,"texture":"#0"},"west":{"uv":[13.5125,0.0125,14.2375,0.9875],"tintindex":0,"rotation":0,"texture":"#0"},"up":{"uv":[14.9875,1.3625,14.5125,0.6375],"tintindex":0,"rotation":0,"texture":"#0"},"down":{"uv":[1.4875,14.5125,1.0125,15.2375],"tintindex":0,"rotation":0,"texture":"#0"}}},{"from":[5.205372,9.115801,8.987553],"to":[11.205372,15.115801,8.987553],"faces":{"south":{"uv":[8.0125,13.8875,8.7375,14.6125],"tintindex":0,"rotation":0,"texture":"#0"},"north":{"uv":[8.7375,13.8875,8.0125,14.6125],"tintindex":0,"rotation":0,"texture":"#0"}},"rotation":{"origin":[8.0,10.799999,5.75],"angle":22.5,"axis":"x"}}],"display":{"gui":{"rotation":[30,225,0]}}}