{"textures":{"0":"modelengine:entity/wolfebersahd"},"elements":[{"from":[0.11395407,1.2046642,9.6838455],"to":[0.11395407,11.204662,14.6838455],"faces":{"east":{"uv":[13.8625,8.6375,13.2625,9.8625],"tintindex":0,"rotation":0,"texture":"#0"},"west":{"uv":[13.2625,8.6375,13.8625,9.8625],"tintindex":0,"rotation":0,"texture":"#0"}},"rotation":{"origin":[3.7500005,-4.0,10.0],"angle":45.0,"axis":"y"}},{"from":[1.9553723,-6.795336,4.347518],"to":[6.9553723,1.2046642,12.347518],"faces":{"east":{"uv":[11.6375,12.8875,12.6125,13.8625],"tintindex":0,"rotation":0,"texture":"#0"},"south":{"uv":[1.7625,13.6375,2.3625,14.6125],"tintindex":0,"rotation":0,"texture":"#0"},"north":{"uv":[5.5125,13.3875,6.1125,14.3625],"tintindex":0,"rotation":0,"texture":"#0"},"west":{"uv":[0.0125,13.0125,0.9875,13.9875],"tintindex":0,"rotation":0,"texture":"#0"},"up":{"uv":[14.2375,6.4875,13.6375,5.5125],"tintindex":0,"rotation":0,"texture":"#0"},"down":{"uv":[14.2375,6.5125,13.6375,7.4875],"tintindex":0,"rotation":0,"texture":"#0"}}},{"from":[0.95537233,1.2046642,2.347518],"to":[7.9553723,11.204662,12.347518],"faces":{"east":{"uv":[8.7625,6.1375,9.9875,7.3625],"tintindex":0,"rotation":0,"texture":"#0"},"south":{"uv":[8.3875,12.6375,9.2375,13.8625],"tintindex":0,"rotation":0,"texture":"#0"},"north":{"uv":[3.8875,12.5125,4.7375,13.7375],"tintindex":0,"rotation":0,"texture":"#0"},"west":{"uv":[9.1375,7.3875,10.3625,8.6125],"tintindex":0,"rotation":0,"texture":"#0"},"up":{"uv":[10.1125,13.8625,9.2625,12.6375],"tintindex":0,"rotation":0,"texture":"#0"},"down":{"uv":[13.6125,6.7625,12.7625,7.9875],"tintindex":0,"rotation":0,"texture":"#0"}}}],"display":{"gui":{"rotation":[30,225,0]}}}