{"textures":{"0":"modelengine:entity/wolfebersahd"},"elements":[{"from":[4.794628,0.0046625137,0.09751797],"to":[10.794628,8.004663,8.097518],"faces":{"east":{"uv":[7.1125,13.0125,6.1375,13.9875],"tintindex":0,"rotation":0,"texture":"#0"},"south":{"uv":[14.1125,3.0125,13.3875,3.9875],"tintindex":0,"rotation":0,"texture":"#0"},"north":{"uv":[4.7375,5.7625,4.0125,6.7375],"tintindex":0,"rotation":0,"texture":"#0"},"west":{"uv":[13.9875,2.0125,13.0125,2.9875],"tintindex":0,"rotation":0,"texture":"#0"},"up":{"uv":[4.7625,14.3625,5.4875,13.3875],"tintindex":0,"rotation":0,"texture":"#0"},"down":{"uv":[13.3875,11.1375,14.1125,12.1125],"tintindex":0,"rotation":0,"texture":"#0"}}},{"from":[6.794628,-7.9953365,1.097518],"to":[10.794628,0.0046625137,7.097518],"faces":{"east":{"uv":[14.2375,0.0125,13.5125,0.9875],"tintindex":0,"rotation":0,"texture":"#0"},"south":{"uv":[0.9875,14.0125,0.5125,14.9875],"tintindex":0,"rotation":0,"texture":"#0"},"north":{"uv":[0.4875,14.0125,0.0125,14.9875],"tintindex":0,"rotation":0,"texture":"#0"},"west":{"uv":[14.1125,12.1375,13.3875,13.1125],"tintindex":0,"rotation":0,"texture":"#0"},"up":{"uv":[14.5125,1.3625,14.9875,0.6375],"tintindex":0,"rotation":0,"texture":"#0"},"down":{"uv":[1.0125,14.5125,1.4875,15.2375],"tintindex":0,"rotation":0,"texture":"#0"}}},{"from":[4.794628,9.115801,8.987553],"to":[10.794628,15.115801,8.987553],"faces":{"south":{"uv":[8.7375,13.8875,8.0125,14.6125],"tintindex":0,"rotation":0,"texture":"#0"},"north":{"uv":[8.0125,13.8875,8.7375,14.6125],"tintindex":0,"rotation":0,"texture":"#0"}},"rotation":{"origin":[8.0,10.799999,5.75],"angle":22.5,"axis":"x"}}],"display":{"gui":{"rotation":[30,225,0]}}}