{"textures":{"0":"modelengine:entity/wolfebersahd"},"elements":[{"from":[15.886045,1.2046642,9.6838455],"to":[15.886045,11.204662,14.6838455],"faces":{"east":{"uv":[13.8625,8.6375,13.2625,9.8625],"tintindex":0,"rotation":0,"texture":"#0"},"west":{"uv":[13.2625,8.6375,13.8625,9.8625],"tintindex":0,"rotation":0,"texture":"#0"}},"rotation":{"origin":[12.25,-4.0,10.0],"angle":-45.0,"axis":"y"}},{"from":[8.044628,1.2046642,2.347518],"to":[15.044628,11.204662,12.347518],"faces":{"east":{"uv":[10.3625,7.3875,9.1375,8.6125],"tintindex":0,"rotation":0,"texture":"#0"},"south":{"uv":[9.2375,12.6375,8.3875,13.8625],"tintindex":0,"rotation":0,"texture":"#0"},"north":{"uv":[4.7375,12.5125,3.8875,13.7375],"tintindex":0,"rotation":0,"texture":"#0"},"west":{"uv":[9.9875,6.1375,8.7625,7.3625],"tintindex":0,"rotation":0,"texture":"#0"},"up":{"uv":[9.2625,13.8625,10.1125,12.6375],"tintindex":0,"rotation":0,"texture":"#0"},"down":{"uv":[12.7625,6.7625,13.6125,7.9875],"tintindex":0,"rotation":0,"texture":"#0"}}},{"from":[9.044628,-6.795336,4.347518],"to":[14.044628,1.2046642,12.347518],"faces":{"east":{"uv":[0.9875,13.0125,0.0125,13.9875],"tintindex":0,"rotation":0,"texture":"#0"},"south":{"uv":[2.3625,13.6375,1.7625,14.6125],"tintindex":0,"rotation":0,"texture":"#0"},"north":{"uv":[6.1125,13.3875,5.5125,14.3625],"tintindex":0,"rotation":0,"texture":"#0"},"west":{"uv":[12.6125,12.8875,11.6375,13.8625],"tintindex":0,"rotation":0,"texture":"#0"},"up":{"uv":[13.6375,6.4875,14.2375,5.5125],"tintindex":0,"rotation":0,"texture":"#0"},"down":{"uv":[13.6375,6.5125,14.2375,7.4875],"tintindex":0,"rotation":0,"texture":"#0"}}}],"display":{"gui":{"rotation":[30,225,0]}}}