{"textures":{"0":"modelengine:entity/wolfebersahd"},"elements":[{"from":[2.8000002,1.1000004,6.0],"to":[7.8,3.1,10.0],"faces":{"east":{"uv":[0.4875,15.2625,0.0125,15.4875],"tintindex":0,"rotation":0,"texture":"#0"},"south":{"uv":[2.4875,15.7625,1.8875,15.9875],"tintindex":0,"rotation":0,"texture":"#0"},"north":{"uv":[0.6125,15.7625,0.0125,15.9875],"tintindex":0,"rotation":0,"texture":"#0"},"west":{"uv":[0.4875,15.5125,0.0125,15.7375],"tintindex":0,"rotation":0,"texture":"#0"},"up":{"uv":[1.2625,15.9875,1.8625,15.5125],"tintindex":0,"rotation":0,"texture":"#0"},"down":{"uv":[0.6375,15.5125,1.2375,15.9875],"tintindex":0,"rotation":0,"texture":"#0"}},"rotation":{"origin":[5.8,2.1000004,8.0],"angle":22.5,"axis":"z"}},{"from":[5.0289745,1.9220295,5.5],"to":[8.028975,7.9220295,10.5],"faces":{"east":{"uv":[5.3625,15.2625,4.7625,15.9875],"tintindex":0,"rotation":0,"texture":"#0"},"south":{"uv":[7.4875,15.2625,7.1375,15.9875],"tintindex":0,"rotation":0,"texture":"#0"},"north":{"uv":[5.7375,15.2625,5.3875,15.9875],"tintindex":0,"rotation":0,"texture":"#0"},"west":{"uv":[7.1125,15.2625,6.5125,15.9875],"tintindex":0,"rotation":0,"texture":"#0"},"up":{"uv":[6.1375,15.9875,6.4875,15.3875],"tintindex":0,"rotation":0,"texture":"#0"},"down":{"uv":[5.7625,15.3875,6.1125,15.9875],"tintindex":0,"rotation":0,"texture":"#0"}}}]}