{"textures":{"0":"modelengine:entity/wolfebersahd"},"elements":[{"from":[3.4468641,8.126604,8.0],"to":[12.446864,8.126604,17.000004],"faces":{"up":{"uv":[12.9875,2.2625,11.8875,3.3625],"tintindex":0,"rotation":270,"texture":"#0"},"down":{"uv":[11.8875,2.2625,12.9875,3.3625],"tintindex":0,"rotation":270,"texture":"#0"}}},{"from":[7.5,3.5,8.0],"to":[7.5,12.5,17.000004],"faces":{"east":{"uv":[12.9875,2.2625,11.8875,3.3625],"tintindex":0,"rotation":0,"texture":"#0"},"west":{"uv":[11.8875,2.2625,12.9875,3.3625],"tintindex":0,"rotation":0,"texture":"#0"}}}]}