{"textures":{"0":"modelengine:entity/wolfebersahd"},"elements":[{"from":[2.5,2.5,8.0],"to":[13.5,13.5,20.0],"faces":{"east":{"uv":[6.7625,4.1375,8.2375,5.4875],"tintindex":0,"rotation":0,"texture":"#0"},"south":{"uv":[7.7625,8.3875,9.1125,9.7375],"tintindex":0,"rotation":0,"texture":"#0"},"north":{"uv":[6.3875,8.3875,7.7375,9.7375],"tintindex":0,"rotation":0,"texture":"#0"},"west":{"uv":[6.7625,5.5125,8.2375,6.8625],"tintindex":0,"rotation":0,"texture":"#0"},"up":{"uv":[7.3625,8.3625,6.0125,6.8875],"tintindex":0,"rotation":0,"texture":"#0"},"down":{"uv":[8.4875,0.0125,7.1375,1.4875],"tintindex":0,"rotation":0,"texture":"#0"}}},{"from":[0.20389938,2.5,19.543278],"to":[0.20389938,13.5,27.543278],"faces":{"east":{"uv":[3.7625,7.1375,2.3875,6.1375],"tintindex":0,"rotation":270,"texture":"#0"},"south":{"uv":[7.7625,8.3875,9.1125,9.7375],"tintindex":0,"rotation":270,"texture":"#0"},"north":{"uv":[6.3875,8.3875,7.7375,9.7375],"tintindex":0,"rotation":90,"texture":"#0"},"west":{"uv":[3.7625,6.1375,2.3875,7.1375],"tintindex":0,"rotation":270,"texture":"#0"},"up":{"uv":[6.7625,4.1375,8.2375,5.4875],"tintindex":0,"rotation":270,"texture":"#0"},"down":{"uv":[6.7625,5.5125,8.2375,6.8625],"tintindex":0,"rotation":270,"texture":"#0"}},"rotation":{"origin":[0.20389938,8.0,25.543278],"angle":-22.5,"axis":"y"}},{"from":[2.5,15.795176,19.54366],"to":[13.5,15.795176,27.54366],"faces":{"east":{"uv":[6.7625,4.1375,8.2375,5.4875],"tintindex":0,"rotation":0,"texture":"#0"},"south":{"uv":[7.7625,8.3875,9.1125,9.7375],"tintindex":0,"rotation":0,"texture":"#0"},"north":{"uv":[6.3875,8.3875,7.7375,9.7375],"tintindex":0,"rotation":0,"texture":"#0"},"west":{"uv":[6.7625,5.5125,8.2375,6.8625],"tintindex":0,"rotation":0,"texture":"#0"},"up":{"uv":[3.7625,6.1375,2.3875,7.1375],"tintindex":0,"rotation":0,"texture":"#0"},"down":{"uv":[3.7625,7.1375,2.3875,6.1375],"tintindex":0,"rotation":0,"texture":"#0"}},"rotation":{"origin":[8.0,15.795176,25.54366],"angle":-22.5,"axis":"x"}},{"from":[15.795177,2.5,19.54366],"to":[15.795177,13.5,27.54366],"faces":{"east":{"uv":[3.7625,7.1375,2.3875,6.1375],"tintindex":0,"rotation":270,"texture":"#0"},"south":{"uv":[7.7625,9.7375,9.1125,8.3875],"tintindex":0,"rotation":270,"texture":"#0"},"north":{"uv":[6.3875,9.7375,7.7375,8.3875],"tintindex":0,"rotation":90,"texture":"#0"},"west":{"uv":[3.7625,6.1375,2.3875,7.1375],"tintindex":0,"rotation":270,"texture":"#0"},"up":{"uv":[6.7625,5.4875,8.2375,4.1375],"tintindex":0,"rotation":270,"texture":"#0"},"down":{"uv":[6.7625,6.8625,8.2375,5.5125],"tintindex":0,"rotation":270,"texture":"#0"}},"rotation":{"origin":[15.795177,8.0,25.54366],"angle":22.5,"axis":"y"}}],"display":{"gui":{"rotation":[30,225,0]}}}