{"textures":{"0":"modelengine:entity/permafrost_sentinel"},"elements":[{"from":[10.784292,13.8296585,5.7865934],"to":[17.784292,17.829659,9.786593],"faces":{"east":{"uv":[11.25,8.5,11.75,9.0],"tintindex":0,"rotation":0,"texture":"#0"},"south":{"uv":[9.0,10.625,9.875,11.125],"tintindex":0,"rotation":0,"texture":"#0"},"north":{"uv":[8.0,10.625,8.875,11.125],"tintindex":0,"rotation":0,"texture":"#0"},"west":{"uv":[8.875,11.25,9.375,11.75],"tintindex":0,"rotation":0,"texture":"#0"},"up":{"uv":[10.875,11.125,10.0,10.625],"tintindex":0,"rotation":0,"texture":"#0"},"down":{"uv":[0.875,10.75,0.0,11.25],"tintindex":0,"rotation":0,"texture":"#0"}},"rotation":{"origin":[16.344872,17.28793,7.804397],"angle":22.5,"axis":"z"}},{"from":[-2.6905432,14.923748,6.8222013],"to":[-0.6905432,23.923748,8.822201],"faces":{"east":{"uv":[6.375,11.25,6.625,12.375],"tintindex":0,"rotation":0,"texture":"#0"},"south":{"uv":[1.5,10.75,1.75,11.875],"tintindex":0,"rotation":0,"texture":"#0"},"north":{"uv":[1.5,10.75,1.75,11.875],"tintindex":0,"rotation":0,"texture":"#0"},"west":{"uv":[6.375,11.25,6.625,12.375],"tintindex":0,"rotation":0,"texture":"#0"},"up":{"uv":[11.75,4.375,11.5,4.125],"tintindex":0,"rotation":0,"texture":"#0"},"down":{"uv":[11.875,9.125,11.625,9.375],"tintindex":0,"rotation":0,"texture":"#0"}}},{"from":[16.690544,14.923748,6.8222013],"to":[18.690544,23.923748,8.822201],"faces":{"east":{"uv":[7.125,11.25,7.375,12.375],"tintindex":0,"rotation":0,"texture":"#0"},"south":{"uv":[7.5,11.25,7.75,12.375],"tintindex":0,"rotation":0,"texture":"#0"},"north":{"uv":[6.75,11.25,7.0,12.375],"tintindex":0,"rotation":0,"texture":"#0"},"west":{"uv":[7.875,11.25,8.125,12.375],"tintindex":0,"rotation":0,"texture":"#0"},"up":{"uv":[11.875,9.75,11.625,9.5],"tintindex":0,"rotation":0,"texture":"#0"},"down":{"uv":[11.875,9.875,11.625,10.125],"tintindex":0,"rotation":0,"texture":"#0"}}},{"from":[3.0,5.5870667,3.4936996],"to":[12.0,16.587067,12.4937],"faces":{"east":{"uv":[6.75,1.5,5.625,2.875],"tintindex":0,"rotation":0,"texture":"#0"},"south":{"uv":[5.625,1.5,6.75,2.875],"tintindex":0,"rotation":0,"texture":"#0"},"north":{"uv":[5.25,5.375,6.375,6.75],"tintindex":0,"rotation":0,"texture":"#0"},"west":{"uv":[6.375,5.375,5.25,6.75],"tintindex":0,"rotation":0,"texture":"#0"},"up":{"uv":[8.0,1.125,6.875,0.0],"tintindex":0,"rotation":0,"texture":"#0"},"down":{"uv":[8.0,1.25,6.875,2.375],"tintindex":0,"rotation":0,"texture":"#0"}},"rotation":{"origin":[8.0,11.837067,8.4937],"angle":-45.0,"axis":"y"}},{"from":[13.0,16.587067,3.4936996],"to":[13.0,19.587067,12.4937],"faces":{"east":{"uv":[10.875,0.0,12.0,0.375],"tintindex":0,"rotation":0,"texture":"#0"},"west":{"uv":[12.0,0.0,10.875,0.375],"tintindex":0,"rotation":0,"texture":"#0"}},"rotation":{"origin":[8.0,11.837067,8.4937],"angle":45.0,"axis":"y"}},{"from":[3.5,7.5870667,3.9937],"to":[11.5,15.587067,11.9937],"faces":{"east":{"uv":[0.0,9.0,1.0,10.0],"tintindex":0,"rotation":0,"texture":"#0"},"south":{"uv":[1.0,9.0,0.0,10.0],"tintindex":0,"rotation":0,"texture":"#0"},"north":{"uv":[10.0,7.25,9.0,8.25],"tintindex":0,"rotation":0,"texture":"#0"},"west":{"uv":[9.0,7.25,10.0,8.25],"tintindex":0,"rotation":0,"texture":"#0"},"up":{"uv":[10.0,9.375,9.0,8.375],"tintindex":0,"rotation":0,"texture":"#0"},"down":{"uv":[10.0,9.375,9.0,8.375],"tintindex":0,"rotation":0,"texture":"#0"}},"rotation":{"origin":[8.0,11.837067,8.4937],"angle":-45.0,"axis":"y"}},{"from":[3.0,16.587067,3.4936996],"to":[3.0,19.587067,12.4937],"faces":{"east":{"uv":[11.875,2.375,10.75,2.75],"tintindex":0,"rotation":0,"texture":"#0"},"west":{"uv":[10.75,2.375,11.875,2.75],"tintindex":0,"rotation":0,"texture":"#0"}},"rotation":{"origin":[8.0,11.837067,8.4937],"angle":-45.0,"axis":"y"}},{"from":[-1.7842922,13.8296585,5.7865934],"to":[5.215708,17.829659,9.786593],"faces":{"east":{"uv":[11.25,7.875,11.75,8.375],"tintindex":0,"rotation":0,"texture":"#0"},"south":{"uv":[7.625,7.875,6.75,8.375],"tintindex":0,"rotation":0,"texture":"#0"},"north":{"uv":[6.75,7.875,7.625,8.375],"tintindex":0,"rotation":0,"texture":"#0"},"west":{"uv":[8.25,11.25,8.75,11.75],"tintindex":0,"rotation":0,"texture":"#0"},"up":{"uv":[7.875,10.625,7.0,11.125],"tintindex":0,"rotation":0,"texture":"#0"},"down":{"uv":[7.875,10.625,7.0,11.125],"tintindex":0,"rotation":0,"texture":"#0"}},"rotation":{"origin":[-0.34487247,17.28793,7.804397],"angle":-22.5,"axis":"z"}}],"display":{"gui":{"rotation":[30,225,0]}}}