{"textures":{"0":"modelengine:entity/lr_anubis_darkmode"},"elements":[{"from":[8.0,2.0,4.46],"to":[12.0,8.0,11.46],"faces":{"east":{"uv":[0.5625,7.0,1.0,7.375],"tintindex":0,"rotation":0,"texture":"#0"},"south":{"uv":[1.625,7.8125,1.875,8.1875],"tintindex":0,"rotation":0,"texture":"#0"},"north":{"uv":[3.9375,6.25,4.1875,6.625],"tintindex":0,"rotation":0,"texture":"#0"},"west":{"uv":[1.625,7.0,2.0625,7.375],"tintindex":0,"rotation":0,"texture":"#0"},"up":{"uv":[3.1875,8.0625,2.9375,7.625],"tintindex":0,"rotation":0,"texture":"#0"},"down":{"uv":[7.9375,7.3125,7.6875,7.75],"tintindex":0,"rotation":0,"texture":"#0"}}},{"from":[11.99926,2.9958038,4.360091],"to":[13.99926,5.995804,8.360091],"faces":{"east":{"uv":[8.125,5.8125,8.375,6.0],"tintindex":0,"rotation":0,"texture":"#0"},"south":{"uv":[1.75,8.1875,1.875,8.375],"tintindex":0,"rotation":0,"texture":"#0"},"north":{"uv":[1.625,8.1875,1.75,8.375],"tintindex":0,"rotation":0,"texture":"#0"},"west":{"uv":[8.125,6.625,8.375,6.8125],"tintindex":0,"rotation":0,"texture":"#0"},"up":{"uv":[1.6875,5.6875,1.5625,5.4375],"tintindex":0,"rotation":0,"texture":"#0"},"down":{"uv":[6.8125,6.3125,6.6875,6.5625],"tintindex":0,"rotation":0,"texture":"#0"}}},{"from":[8.995811,-1.0062714,4.46],"to":[14.995811,2.9937286,11.46],"faces":{"east":{"uv":[7.75,0.6875,8.1875,0.9375],"tintindex":0,"rotation":0,"texture":"#0"},"south":{"uv":[6.75,7.8125,7.125,8.0625],"tintindex":0,"rotation":0,"texture":"#0"},"north":{"uv":[5.3125,7.8125,5.6875,8.0625],"tintindex":0,"rotation":0,"texture":"#0"},"west":{"uv":[7.75,0.9375,8.1875,1.1875],"tintindex":0,"rotation":0,"texture":"#0"},"up":{"uv":[2.4375,7.4375,2.0625,7.0],"tintindex":0,"rotation":0,"texture":"#0"},"down":{"uv":[3.5625,7.0,3.1875,7.4375],"tintindex":0,"rotation":0,"texture":"#0"}},"rotation":{"origin":[10.995811,-0.0062713623,8.05],"angle":22.5,"axis":"z"}}]}