{"textures":{"0":"modelengine:entity/lr_anubis_darkmode"},"elements":[{"from":[7.5000687,4.7010946,-7.443322],"to":[8.500069,6.2010946,-3.4433212],"faces":{"east":{"uv":[0.9375,5.625,1.125,6.125],"tintindex":0,"rotation":90,"texture":"#0"},"south":{"uv":[8.3125,0.6875,8.1875,0.875],"tintindex":0,"rotation":0,"texture":"#0"},"north":{"uv":[8.3125,0.6875,8.1875,0.5],"tintindex":0,"rotation":180,"texture":"#0"},"west":{"uv":[1.125,5.625,0.9375,6.125],"tintindex":0,"rotation":270,"texture":"#0"},"up":{"uv":[3.875,8.0625,4.0,8.5625],"tintindex":0,"rotation":0,"texture":"#0"},"down":{"uv":[2.1875,8.0625,2.3125,8.5625],"tintindex":0,"rotation":180,"texture":"#0"}},"rotation":{"origin":[8.250069,9.451095,-6.193321],"angle":45.0,"axis":"x"}},{"from":[7.2500687,7.3260946,6.5566783],"to":[8.750069,8.826095,9.556679],"faces":{"east":{"uv":[7.9375,7.3125,8.125,7.6875],"tintindex":0,"rotation":90,"texture":"#0"},"south":{"uv":[4.375,5.0,4.1875,5.1875],"tintindex":0,"rotation":0,"texture":"#0"},"north":{"uv":[3.8125,4.9375,3.625,4.75],"tintindex":0,"rotation":180,"texture":"#0"},"west":{"uv":[2.5625,8.0,2.75,8.375],"tintindex":0,"rotation":270,"texture":"#0"},"up":{"uv":[2.375,8.0,2.5625,8.375],"tintindex":0,"rotation":0,"texture":"#0"},"down":{"uv":[7.9375,3.0625,8.125,3.4375],"tintindex":0,"rotation":180,"texture":"#0"}},"rotation":{"origin":[8.000069,8.076095,8.056679],"angle":45.0,"axis":"z"}},{"from":[7.5000687,7.5760946,9.556679],"to":[8.500069,8.576095,10.556679],"faces":{"east":{"uv":[8.1875,1.5625,8.3125,1.6875],"tintindex":0,"rotation":90,"texture":"#0"},"south":{"uv":[8.3125,5.125,8.1875,5.25],"tintindex":0,"rotation":0,"texture":"#0"},"north":{"uv":[8.3125,5.125,8.1875,5.0],"tintindex":0,"rotation":180,"texture":"#0"},"west":{"uv":[8.1875,3.5625,8.3125,3.6875],"tintindex":0,"rotation":270,"texture":"#0"},"up":{"uv":[8.1875,3.4375,8.3125,3.5625],"tintindex":0,"rotation":0,"texture":"#0"},"down":{"uv":[8.1875,1.0625,8.3125,1.1875],"tintindex":0,"rotation":180,"texture":"#0"}}},{"from":[7.0000687,7.3260946,-4.443321],"to":[9.000069,8.826095,2.5566783],"faces":{"east":{"uv":[4.5,5.875,4.6875,6.75],"tintindex":0,"rotation":90,"texture":"#0"},"south":{"uv":[6.9375,2.125,6.6875,2.3125],"tintindex":0,"rotation":0,"texture":"#0"},"north":{"uv":[6.125,5.875,5.875,5.6875],"tintindex":0,"rotation":180,"texture":"#0"},"west":{"uv":[4.6875,5.875,4.5,6.75],"tintindex":0,"rotation":270,"texture":"#0"},"up":{"uv":[2.4375,6.0625,2.6875,6.9375],"tintindex":0,"rotation":0,"texture":"#0"},"down":{"uv":[2.8125,0.6875,3.0625,1.5625],"tintindex":0,"rotation":180,"texture":"#0"}}},{"from":[7.5000687,7.5760946,12.556679],"to":[8.500069,8.576095,21.556679],"faces":{"east":{"uv":[5.1875,7.25,5.3125,8.375],"tintindex":0,"rotation":90,"texture":"#0"},"south":{"uv":[7.625,4.0625,7.5,4.1875],"tintindex":0,"rotation":0,"texture":"#0"},"north":{"uv":[1.75,7.0,1.625,6.875],"tintindex":0,"rotation":180,"texture":"#0"},"west":{"uv":[1.3125,7.3125,1.4375,8.4375],"tintindex":0,"rotation":270,"texture":"#0"},"up":{"uv":[1.1875,7.3125,1.3125,8.4375],"tintindex":0,"rotation":0,"texture":"#0"},"down":{"uv":[0.375,7.0625,0.5,8.1875],"tintindex":0,"rotation":180,"texture":"#0"}}},{"from":[7.7500687,7.8260946,10.556679],"to":[8.250069,8.326095,12.556679],"faces":{"east":{"uv":[2.375,6.625,2.4375,6.875],"tintindex":0,"rotation":90,"texture":"#0"},"south":{"uv":[0.75,4.3125,0.6875,4.375],"tintindex":0,"rotation":0,"texture":"#0"},"north":{"uv":[0.6875,4.375,0.625,4.3125],"tintindex":0,"rotation":180,"texture":"#0"},"west":{"uv":[2.625,6.9375,2.6875,7.1875],"tintindex":0,"rotation":270,"texture":"#0"},"up":{"uv":[5.375,6.8125,5.4375,7.0625],"tintindex":0,"rotation":0,"texture":"#0"},"down":{"uv":[0.5,5.25,0.5625,5.5],"tintindex":0,"rotation":180,"texture":"#0"}}},{"from":[7.0728874,8.212607,-2.9433212],"to":[8.487888,9.627607,0.5566788],"faces":{"east":{"uv":[2.8125,4.3125,3.0,4.75],"tintindex":0,"rotation":90,"texture":"#0"},"south":{"uv":[2.0,6.375,1.8125,6.5625],"tintindex":0,"rotation":0,"texture":"#0"},"north":{"uv":[1.5625,6.3125,1.375,6.125],"tintindex":0,"rotation":180,"texture":"#0"},"west":{"uv":[3.5,7.875,3.6875,8.3125],"tintindex":0,"rotation":270,"texture":"#0"},"up":{"uv":[0.3125,5.875,0.5,6.3125],"tintindex":0,"rotation":0,"texture":"#0"},"down":{"uv":[3.0625,1.125,3.25,1.5625],"tintindex":0,"rotation":180,"texture":"#0"}},"rotation":{"origin":[8.003433,9.137607,1.8066783],"angle":45.0,"axis":"z"}},{"from":[7.5000687,4.7010946,-8.943321],"to":[8.500069,8.701095,-7.443322],"faces":{"east":{"uv":[5.9375,4.6875,6.4375,4.875],"tintindex":0,"rotation":90,"texture":"#0"},"south":{"uv":[2.1875,8.0625,2.0625,8.5625],"tintindex":0,"rotation":0,"texture":"#0"},"north":{"uv":[0.9375,8.5625,0.8125,8.0625],"tintindex":0,"rotation":180,"texture":"#0"},"west":{"uv":[6.4375,4.6875,5.9375,4.875],"tintindex":0,"rotation":270,"texture":"#0"},"up":{"uv":[8.1875,0.3125,8.3125,0.5],"tintindex":0,"rotation":0,"texture":"#0"},"down":{"uv":[7.1875,7.5,7.3125,7.6875],"tintindex":0,"rotation":180,"texture":"#0"}},"rotation":{"origin":[8.250069,9.451095,-6.193321],"angle":45.0,"axis":"x"}},{"from":[7.5000687,6.2010946,-4.943321],"to":[8.500069,8.701095,-3.4433212],"faces":{"east":{"uv":[4.0,8.0625,4.3125,8.25],"tintindex":0,"rotation":90,"texture":"#0"},"south":{"uv":[1.25,5.0625,1.125,5.375],"tintindex":0,"rotation":0,"texture":"#0"},"north":{"uv":[3.6875,1.125,3.5625,0.8125],"tintindex":0,"rotation":180,"texture":"#0"},"west":{"uv":[4.3125,8.0625,4.0,8.25],"tintindex":0,"rotation":270,"texture":"#0"},"up":{"uv":[8.1875,1.375,8.3125,1.5625],"tintindex":0,"rotation":0,"texture":"#0"},"down":{"uv":[8.1875,0.875,8.3125,1.0625],"tintindex":0,"rotation":180,"texture":"#0"}},"rotation":{"origin":[8.250069,9.451095,-6.193321],"angle":45.0,"axis":"x"}},{"from":[7.0728874,6.524582,-2.9433212],"to":[8.487888,7.939582,0.5566788],"faces":{"east":{"uv":[5.6875,7.875,5.875,8.3125],"tintindex":0,"rotation":90,"texture":"#0"},"south":{"uv":[7.1875,0.3125,7.0,0.5],"tintindex":0,"rotation":0,"texture":"#0"},"north":{"uv":[7.0,5.625,6.8125,5.4375],"tintindex":0,"rotation":180,"texture":"#0"},"west":{"uv":[6.0625,7.875,6.25,8.3125],"tintindex":0,"rotation":270,"texture":"#0"},"up":{"uv":[5.875,7.875,6.0625,8.3125],"tintindex":0,"rotation":0,"texture":"#0"},"down":{"uv":[3.6875,7.875,3.875,8.3125],"tintindex":0,"rotation":180,"texture":"#0"}},"rotation":{"origin":[8.003433,7.0145817,-5.193321],"angle":-45.0,"axis":"z"}},{"from":[7.5000687,7.5760946,2.5566783],"to":[8.500069,8.576095,6.5566783],"faces":{"east":{"uv":[4.625,8.0,4.75,8.5],"tintindex":0,"rotation":90,"texture":"#0"},"south":{"uv":[8.375,1.6875,8.25,1.8125],"tintindex":0,"rotation":0,"texture":"#0"},"north":{"uv":[8.375,1.3125,8.25,1.1875],"tintindex":0,"rotation":180,"texture":"#0"},"west":{"uv":[6.5625,8.0,6.6875,8.5],"tintindex":0,"rotation":270,"texture":"#0"},"up":{"uv":[6.4375,8.0,6.5625,8.5],"tintindex":0,"rotation":0,"texture":"#0"},"down":{"uv":[4.5,8.0,4.625,8.5],"tintindex":0,"rotation":180,"texture":"#0"}}},{"from":[7.2500687,7.3260946,4.0566783],"to":[8.750069,8.826095,5.0566783],"faces":{"east":{"uv":[5.6875,1.625,5.875,1.75],"tintindex":0,"rotation":90,"texture":"#0"},"south":{"uv":[1.375,6.6875,1.1875,6.875],"tintindex":0,"rotation":0,"texture":"#0"},"north":{"uv":[6.6875,2.0,6.5,1.8125],"tintindex":0,"rotation":180,"texture":"#0"},"west":{"uv":[6.625,0.9375,6.8125,1.0625],"tintindex":0,"rotation":270,"texture":"#0"},"up":{"uv":[6.25,1.5,6.4375,1.625],"tintindex":0,"rotation":0,"texture":"#0"},"down":{"uv":[5.6875,0.3125,5.875,0.4375],"tintindex":0,"rotation":180,"texture":"#0"}}},{"from":[6.7500687,6.8260946,21.556679],"to":[9.250069,9.326095,29.056679],"faces":{"east":{"uv":[2.6875,5.8125,3.0,6.75],"tintindex":0,"rotation":90,"texture":"#0"},"south":{"uv":[2.375,7.75,2.0625,8.0625],"tintindex":0,"rotation":0,"texture":"#0"},"north":{"uv":[1.4375,3.5,1.125,3.1875],"tintindex":0,"rotation":180,"texture":"#0"},"west":{"uv":[4.6875,5.8125,5.0,6.75],