{"textures":{"0":"modelengine:entity/lr_anubis_darkmode"},"elements":[{"from":[3.75,11.92963,6.3811083],"to":[12.25,17.42963,11.881108],"faces":{"east":{"uv":[4.1875,0.0,4.875,0.6875],"tintindex":0,"rotation":0,"texture":"#0"},"south":{"uv":[0.9375,0.6875,2.0,1.375],"tintindex":0,"rotation":0,"texture":"#0"},"north":{"uv":[0.9375,0.0,2.0,0.6875],"tintindex":0,"rotation":0,"texture":"#0"},"west":{"uv":[0.5625,4.375,1.25,5.0625],"tintindex":0,"rotation":0,"texture":"#0"},"up":{"uv":[2.0,2.0625,0.9375,1.375],"tintindex":0,"rotation":0,"texture":"#0"},"down":{"uv":[3.0625,0.0,2.0,0.6875],"tintindex":0,"rotation":0,"texture":"#0"}},"rotation":{"origin":[8.0,14.67963,8.631108],"angle":22.5,"axis":"x"}},{"from":[3.25,14.849014,5.785958],"to":[5.75,18.349014,12.285957],"faces":{"east":{"uv":[2.8125,4.75,3.625,5.1875],"tintindex":0,"rotation":0,"texture":"#0"},"south":{"uv":[1.4375,7.375,1.75,7.8125],"tintindex":0,"rotation":0,"texture":"#0"},"north":{"uv":[0.5,7.375,0.8125,7.8125],"tintindex":0,"rotation":0,"texture":"#0"},"west":{"uv":[4.875,0.0,5.6875,0.4375],"tintindex":0,"rotation":0,"texture":"#0"},"up":{"uv":[0.3125,6.6875,0.0,5.875],"tintindex":0,"rotation":0,"texture":"#0"},"down":{"uv":[4.5,5.875,4.1875,6.6875],"tintindex":0,"rotation":0,"texture":"#0"}},"rotation":{"origin":[8.0,14.599014,8.535957],"angle":22.5,"axis":"x"}},{"from":[5.75,14.42963,6.3811083],"to":[10.25,18.42963,8.381108],"faces":{"east":{"uv":[4.6875,5.25,4.9375,5.75],"tintindex":0,"rotation":0,"texture":"#0"},"south":{"uv":[5.75,3.375,6.3125,3.875],"tintindex":0,"rotation":0,"texture":"#0"},"north":{"uv":[5.6875,1.125,6.25,1.625],"tintindex":0,"rotation":0,"texture":"#0"},"west":{"uv":[5.4375,2.4375,5.6875,2.9375],"tintindex":0,"rotation":0,"texture":"#0"},"up":{"uv":[5.4375,0.6875,4.875,0.4375],"tintindex":0,"rotation":0,"texture":"#0"},"down":{"uv":[7.875,1.8125,7.3125,2.0625],"tintindex":0,"rotation":0,"texture":"#0"}},"rotation":{"origin":[8.0,18.17963,7.3811083],"angle":-22.5,"axis":"x"}},{"from":[4.75,6.5,5.5],"to":[11.25,13.0,10.5],"faces":{"east":{"uv":[2.375,3.5,3.0,4.3125],"tintindex":0,"rotation":0,"texture":"#0"},"south":{"uv":[2.25,2.6875,3.0625,3.5],"tintindex":0,"rotation":0,"texture":"#0"},"north":{"uv":[1.4375,2.6875,2.25,3.5],"tintindex":0,"rotation":0,"texture":"#0"},"west":{"uv":[3.5625,0.0,4.1875,0.8125],"tintindex":0,"rotation":0,"texture":"#0"},"up":{"uv":[4.375,2.875,3.5625,2.25],"tintindex":0,"rotation":0,"texture":"#0"},"down":{"uv":[4.375,2.875,3.5625,3.5],"tintindex":0,"rotation":0,"texture":"#0"}}},{"from":[5.25,10.882683,4.5761204],"to":[10.75,13.382683,5.5761204],"faces":{"east":{"uv":[8.1875,0.0,8.3125,0.3125],"tintindex":0,"rotation":0,"texture":"#0"},"south":{"uv":[6.5,1.5,7.1875,1.8125],"tintindex":0,"rotation":0,"texture":"#0"},"north":{"uv":[6.4375,4.6875,7.125,5.0],"tintindex":0,"rotation":0,"texture":"#0"},"west":{"uv":[0.3125,8.1875,0.4375,8.5],"tintindex":0,"rotation":0,"texture":"#0"},"up":{"uv":[8.375,6.125,7.6875,6.0],"tintindex":0,"rotation":0,"texture":"#0"},"down":{"uv":[8.5,2.75,7.8125,2.875],"tintindex":0,"rotation":0,"texture":"#0"}}},{"from":[3.75,11.92963,5.3811083],"to":[12.25,15.42963,6.3811083],"faces":{"east":{"uv":[0.8125,1.625,0.9375,2.0625],"tintindex":0,"rotation":0,"texture":"#0"},"south":{"uv":[4.375,2.5,5.4375,2.9375],"tintindex":0,"rotation":0,"texture":"#0"},"north":{"uv":[4.375,2.0625,5.4375,2.5],"tintindex":0,"rotation":0,"texture":"#0"},"west":{"uv":[2.6875,5.375,2.8125,5.8125],"tintindex":0,"rotation":0,"texture":"#0"},"up":{"uv":[8.375,4.6875,7.3125,4.5625],"tintindex":0,"rotation":0,"texture":"#0"},"down":{"uv":[8.4375,6.125,7.375,6.25],"tintindex":0,"rotation":0,"texture":"#0"}},"rotation":{"origin":[8.0,14.67963,8.631108],"angle":22.5,"axis":"x"}},{"from":[5.75,4.089918,5.979395],"to":[10.25,7.589918,10.979395],"faces":{"east":{"uv":[5.875,1.625,6.5,2.0625],"tintindex":0,"rotation":0,"texture":"#0"},"south":{"uv":[6.125,5.6875,6.6875,6.125],"tintindex":0,"rotation":0,"texture":"#0"},"north":{"uv":[6.0,2.875,6.5625,3.3125],"tintindex":0,"rotation":0,"texture":"#0"},"west":{"uv":[5.0,5.875,5.625,6.3125],"tintindex":0,"rotation":0,"texture":"#0"},"up":{"uv":[2.0,2.6875,1.4375,2.0625],"tintindex":0,"rotation":0,"texture":"#0"},"down":{"uv":[5.5,4.5625,4.9375,5.1875],"tintindex":0,"rotation":0,"texture":"#0"}},"rotation":{"origin":[9.0,5.839918,8.479395],"angle":-22.5,"axis":"x"}},{"from":[4.25,6.5,4.5],"to":[11.75,9.0,11.0],"faces":{"east":{"uv":[5.75,3.875,6.5625,4.1875],"tintindex":0,"rotation":0,"texture":"#0"},"south":{"uv":[5.6875,0.0,6.625,0.3125],"tintindex":0,"rotation":0,"texture":"#0"},"north":{"uv":[5.5,4.875,6.4375,5.1875],"tintindex":0,"rotation":0,"texture":"#0"},"west":{"uv":[5.875,2.0625,6.6875,2.375],"tintindex":0,"rotation":0,"texture":"#0"},"up":{"uv":[0.9375,0.8125,0.0,0.0],"tintindex":0,"rotation":0,"texture":"#0"},"down":{"uv":[0.9375,0.8125,0.0,1.625],"tintindex":0,"rotation":0,"texture":"#0"}},"rotation":{"origin":[8.0,8.0,8.0],"angle":-22.5,"axis":"x"}},{"from":[10.25,14.849014,5.785958],"to":[12.75,18.349014,12.285957],"faces":{"east":{"uv":[5.6875,0.0,4.875,0.4375],"tintindex":0,"rotation":0,"texture":"#0"},"south":{"uv":[1.75,7.375,1.4375,7.8125],"tintindex":0,"rotation":0,"texture":"#0"},"north":{"uv":[0.8125,7.375,0.5,7.8125],"tintindex":0,"rotation":0,"texture":"#0"},"west":{"uv":[3.625,4.75,2.8125,5.1875],"tintindex":0,"rotation":0,"texture":"#0"},"up":{"uv":[0.0,6.6875,0.3125,5.875],"tintindex":0,"rotation":0,"texture":"#0"},"down":{"uv":[4.1875,5.875,4.5,6.6875],"tintindex":0,"rotation":0,"texture":"#0"}},"rotation":{"origin":[8.0,14.599014,8.535957],"angle":22.5,"axis":"x"}},{"from":[5.75,14.849014,9.285957],"to":[10.25,18.349014,12.285957],"faces":{"east":{"uv":[7.0,5.4375,7.375,5.875],"tintindex":0,"rotation":0,"texture":"#0"},"south":{"uv":[6.25,1.0625,6.8125,1.5],"tintindex":0,"rotation":0,"texture":"#0"},"north":{"uv":[6.125,6.125,6.6875,6.5625],"tintindex":0,"rotation":0,"texture":"#0"},"west":{"uv":[7.0,5.875,7.375,6.3125],"tintindex":0,"rotation":0,"texture":"#0"},"up":{"uv":[7.1875,0.9375,6.625,0.5625],"tintindex":0,"rotation":0,"texture":"#0"},"down":{"uv":[2.375,6.625,1.8125,7.0],"tintindex":0,"rotation":0,"texture":"#0"}},"rotation":{"origin":[9.0,14.599014,8.535957],"angle":22.5,"axis":"x"}},{"from":[4.75,14.42963,7.8811083],"to":[11.25,21.42963,12.381108],"faces":{"east":{"uv":[0.0,3.625,0.5625,4.5],"tintindex":0,"rotation":0,"texture":"#0"},"south":{"uv":[2.0,0.6875,2.8125,1.5625],"tintindex":0,"rotation":0,"texture":"#0"},"north":{"uv":[0.0,1.625,0.8125,2.5],"tintindex":0,"rotation":0,"texture":"#0"},"west":{"uv":[3.8125,4.125,4.375,5.0],"tintindex":0,"rotation":0,"texture":"#0"},"up":{"uv":[5.1875,3.5,4.375,2.9375],"tintindex":0,"rotation":0,"texture":"#0"},"down":{"uv":[5.1875,3.5,4.375,4.0625],"tintindex":0,"rotation":0,"texture":"#0"}},"rotation":{"origin":[8.0,18.17963,7.3811083],"angle":-22.5,"axis":"x"}}]}