{"textures":{"0":"modelengine:entity/ink_stonepool"},"elements":[{"from":[-3.25,7.25,12.875],"to":[-1.0,8.25,15.375],"faces":{"east":{"uv":[3.15625,0.46875,3.46875,0.59375],"tintindex":0,"rotation":0,"texture":"#0"},"south":{"uv":[0.84375,3.28125,1.125,3.40625],"tintindex":0,"rotation":0,"texture":"#0"},"north":{"uv":[0.5625,3.28125,0.84375,3.40625],"tintindex":0,"rotation":0,"texture":"#0"},"west":{"uv":[3.15625,2.71875,3.46875,2.84375],"tintindex":0,"rotation":0,"texture":"#0"},"up":{"uv":[1.59375,0.625,1.3125,0.3125],"tintindex":0,"rotation":0,"texture":"#0"},"down":{"uv":[1.75,1.1875,1.46875,1.5],"tintindex":0,"rotation":0,"texture":"#0"}},"rotation":{"origin":[-1.625,8.0,14.125],"angle":22.5,"axis":"y"}},{"from":[-6.75,7.25,9.625],"to":[-5.0,8.0,11.125],"faces":{"east":{"uv":[0.4375,3.5,0.625,3.59375],"tintindex":0,"rotation":0,"texture":"#0"},"south":{"uv":[2.90625,3.4375,3.125,3.53125],"tintindex":0,"rotation":0,"texture":"#0"},"north":{"uv":[2.6875,3.4375,2.90625,3.53125],"tintindex":0,"rotation":0,"texture":"#0"},"west":{"uv":[0.625,3.5,0.8125,3.59375],"tintindex":0,"rotation":0,"texture":"#0"},"up":{"uv":[3.34375,1.71875,3.125,1.53125],"tintindex":0,"rotation":0,"texture":"#0"},"down":{"uv":[1.9375,3.125,1.71875,3.3125],"tintindex":0,"rotation":0,"texture":"#0"}},"rotation":{"origin":[-5.875,7.625,10.375],"angle":-22.5,"axis":"y"}},{"from":[4.0,7.0,14.875],"to":[6.5,7.75,17.125],"faces":{"east":{"uv":[3.40625,1.375,3.6875,1.46875],"tintindex":0,"rotation":0,"texture":"#0"},"south":{"uv":[3.28125,3.34375,3.59375,3.4375],"tintindex":0,"rotation":0,"texture":"#0"},"north":{"uv":[3.34375,2.0,3.65625,2.09375],"tintindex":0,"rotation":0,"texture":"#0"},"west":{"uv":[3.4375,0.78125,3.71875,0.875],"tintindex":0,"rotation":0,"texture":"#0"},"up":{"uv":[1.90625,0.5625,1.59375,0.28125],"tintindex":0,"rotation":0,"texture":"#0"},"down":{"uv":[1.90625,0.5625,1.59375,0.84375],"tintindex":0,"rotation":0,"texture":"#0"}},"rotation":{"origin":[7.5,8.0,9.0],"angle":22.5,"axis":"y"}},{"from":[-6.75,7.25,11.375],"to":[-5.0,8.25,13.625],"faces":{"east":{"uv":[3.21875,2.96875,3.5,3.09375],"tintindex":0,"rotation":0,"texture":"#0"},"south":{"uv":[3.375,2.34375,3.59375,2.46875],"tintindex":0,"rotation":0,"texture":"#0"},"north":{"uv":[3.375,2.21875,3.59375,2.34375],"tintindex":0,"rotation":0,"texture":"#0"},"west":{"uv":[0.28125,3.28125,0.5625,3.40625],"tintindex":0,"rotation":0,"texture":"#0"},"up":{"uv":[2.78125,1.25,2.5625,0.96875],"tintindex":0,"rotation":0,"texture":"#0"},"down":{"uv":[2.78125,1.25,2.5625,1.53125],"tintindex":0,"rotation":0,"texture":"#0"}}},{"from":[-11.0,7.25,0.875],"to":[-8.25,8.75,3.375],"faces":{"east":{"uv":[2.21875,2.625,2.53125,2.8125],"tintindex":0,"rotation":0,"texture":"#0"},"south":{"uv":[2.46875,0.0,2.8125,0.1875],"tintindex":0,"rotation":0,"texture":"#0"},"north":{"uv":[2.21875,2.4375,2.5625,2.625],"tintindex":0,"rotation":0,"texture":"#0"},"west":{"uv":[1.4375,2.6875,1.75,2.875],"tintindex":0,"rotation":0,"texture":"#0"},"up":{"uv":[0.6875,0.3125,0.34375,0.0],"tintindex":0,"rotation":0,"texture":"#0"},"down":{"uv":[0.6875,0.3125,0.34375,0.625],"tintindex":0,"rotation":0,"texture":"#0"}}},{"from":[-8.5,7.25,9.375],"to":[-6.25,8.5,11.875],"faces":{"east":{"uv":[2.8125,0.0,3.125,0.15625],"tintindex":0,"rotation":0,"texture":"#0"},"south":{"uv":[2.65625,3.03125,2.9375,3.1875],"tintindex":0,"rotation":0,"texture":"#0"},"north":{"uv":[1.4375,3.03125,1.71875,3.1875],"tintindex":0,"rotation":0,"texture":"#0"},"west":{"uv":[0.3125,2.8125,0.625,2.96875],"tintindex":0,"rotation":0,"texture":"#0"},"up":{"uv":[0.5625,1.5625,0.28125,1.25],"tintindex":0,"rotation":0,"texture":"#0"},"down":{"uv":[1.59375,0.0,1.3125,0.3125],"tintindex":0,"rotation":0,"texture":"#0"}},"rotation":{"origin":[-7.125,7.75,10.5],"angle":45.0,"axis":"y"}},{"from":[-7.75,7.25,1.625],"to":[-5.5,7.75,3.625],"faces":{"east":{"uv":[3.5625,3.28125,3.8125,3.34375],"tintindex":0,"rotation":0,"texture":"#0"},"south":{"uv":[3.5,2.96875,3.78125,3.03125],"tintindex":0,"rotation":0,"texture":"#0"},"north":{"uv":[3.46875,2.90625,3.75,2.96875],"tintindex":0,"rotation":0,"texture":"#0"},"west":{"uv":[3.5625,3.4375,3.8125,3.5],"tintindex":0,"rotation":0,"texture":"#0"},"up":{"uv":[2.5,0.53125,2.21875,0.28125],"tintindex":0,"rotation":0,"texture":"#0"},"down":{"uv":[2.5,0.53125,2.21875,0.78125],"tintindex":0,"rotation":0,"texture":"#0"}},"rotation":{"origin":[-7.125,7.75,10.5],"angle":22.5,"axis":"y"}},{"from":[2.25,6.75,17.625],"to":[4.5,7.5,20.125],"faces":{"east":{"uv":[3.34375,1.90625,3.65625,2.0],"tintindex":0,"rotation":0,"texture":"#0"},"south":{"uv":[0.71875,3.40625,1.0,3.5],"tintindex":0,"rotation":0,"texture":"#0"},"north":{"uv":[3.40625,0.6875,3.6875,0.78125],"tintindex":0,"rotation":0,"texture":"#0"},"west":{"uv":[1.96875,3.34375,2.28125,3.4375],"tintindex":0,"rotation":0,"texture":"#0"},"up":{"uv":[0.84375,1.8125,0.5625,1.5],"tintindex":0,"rotation":0,"texture":"#0"},"down":{"uv":[1.75,1.5,1.46875,1.8125],"tintindex":0,"rotation":0,"texture":"#0"}},"rotation":{"origin":[-1.625,8.0,14.125],"angle":22.5,"axis":"y"}},{"from":[-1.25,7.25,12.375],"to":[1.25,8.0,14.625],"faces":{"east":{"uv":[3.40625,1.375,3.6875,1.46875],"tintindex":0,"rotation":0,"texture":"#0"},"south":{"uv":[3.28125,3.34375,3.59375,3.4375],"tintindex":0,"rotation":0,"texture":"#0"},"north":{"uv":[3.34375,2.0,3.65625,2.09375],"tintindex":0,"rotation":0,"texture":"#0"},"west":{"uv":[3.4375,0.78125,3.71875,0.875],"tintindex":0,"rotation":0,"texture":"#0"},"up":{"uv":[1.90625,0.5625,1.59375,0.28125],"tintindex":0,"rotation":0,"texture":"#0"},"down":{"uv":[1.90625,0.5625,1.59375,0.84375],"tintindex":0,"rotation":0,"texture":"#0"}},"rotation":{"origin":[7.5,8.0,9.0],"angle":22.5,"axis":"y"}},{"from":[-6.25,7.25,3.625],"to":[-4.0,8.5,6.125],"faces":{"east":{"uv":[0.625,2.8125,0.9375,2.96875],"tintindex":0,"rotation":0,"texture":"#0"},"south":{"uv":[0.0,3.0625,0.28125,3.21875],"tintindex":0,"rotation":0,"texture":"#0"},"north":{"uv":[2.9375,3.03125,3.21875,3.1875],"tintindex":0,"rotation":0,"texture":"#0"},"west":{"uv":[2.8125,0.75,3.125,0.90625],"tintindex":0,"rotation":0,"texture":"#0"},"up":{"uv":[1.125,1.84375,0.84375,1.53125],"tintindex":0,"rotation":0,"texture":"#0"},"down":{"uv":[1.40625,1.53125,1.125,1.84375],"tintindex":0,"rotation":0,"texture":"#0"}},"rotation":{"origin":[-7.125,7.75,10.5],"angle":45.0,"axis":"y"}},{"from":[-6.25,7.25,-0.375],"to":[-4.0,7.75,1.625],"faces":{"east":{"uv":[3.5625,3.28125,3.8125,3.34375],"tintindex":0,"rotation":0,"texture":"#0"},"south":{"uv":[3.5,2.96875,3.78125,3.03125],"tintindex":0,"rotation":0,"texture":"#0"},"north":{"uv":[3.46875,2.90625,3.75,2.96875],"tintindex":0,"rotation":0,"texture":"#0"},"west":{"uv":[3.5625,3.4375,3.8125,3.5],"tintindex":0,"rotation":0,"texture":"#0"},"up":{"uv":[2.5,0.53125,2.21875,0.28125],"tintindex":0,"rotation":0,"texture":"#0"},"down":{"uv":[2.5,0.53125,2.21875,0.78125],"tintindex":0,"rotation":0,"texture":"#0"}},"rotation":{"origin":[-7.125,7.75,10.5],"angle":22.5,"axis":"y"}},{"from":[-8.5,7.25,5.625],"to":[-6.25,7.75,7.625],"faces":{"east":{"uv":[3.5625,3.28125,3.8125,3.34375],"tintindex":0,"rotation":0,"texture":"#0"},"south":{"uv":[3.5,2.96875,3.78125,3.03125],"tintindex":0,"rotation":0,"texture":"#0"},"north":{"uv":[3.46875,2.90625,3.75,2.96875],"tintindex":0,"rotation":0,"texture":"#0"},"west":{"uv":[3.5625,3.4375,3.8125,3.5],"tintindex":0,"rotation":0,"texture":"#0"},"up":{"uv":[2.5,0.53125,2.21875,0.28125],"tintindex":0,"rotation":0,"texture":"#0"},"down":{"uv":[2.5,0.53125,2.21875,0.78125],"tintindex":0,"rotation":0,"texture":"#0"}},"rotation":{"origin":[-7.125,7.75,10.5],"angle":22.5,"axis":"y"}},{"from":[-10.625,7.375,0.25],"to":[6.875,7.375,17.75],"faces":{"up":{"uv":[6.03125,2.1875,3.84375,0.0],"tintindex":0,"rotation":0,"texture":"#0"},"down":{"uv":[7.15625,2.1875,4.96875,4.375],"tintindex":0,"rotation":0,"texture":"#0"}}},{"from":[-1.75,7.25,11.375],"to":[0.75,8.5,13.625],