{"textures":{"0":"modelengine:entity/ink_stonepool"},"elements":[{"from":[5.5,7.25,-2.125],"to":[8.25,8.75,0.375],"faces":{"east":{"uv":[1.75,2.6875,2.0625,2.875],"tintindex":0,"rotation":0,"texture":"#0"},"south":{"uv":[2.5,0.1875,2.84375,0.375],"tintindex":0,"rotation":0,"texture":"#0"},"north":{"uv":[2.46875,0.78125,2.8125,0.96875],"tintindex":0,"rotation":0,"texture":"#0"},"west":{"uv":[0.0,2.71875,0.3125,2.90625],"tintindex":0,"rotation":0,"texture":"#0"},"up":{"uv":[0.34375,0.9375,0.0,0.625],"tintindex":0,"rotation":0,"texture":"#0"},"down":{"uv":[0.6875,0.625,0.34375,0.9375],"tintindex":0,"rotation":0,"texture":"#0"}}},{"from":[-8.5,7.25,8.375],"to":[-6.25,7.75,10.375],"faces":{"east":{"uv":[1.28125,3.59375,1.53125,3.65625],"tintindex":0,"rotation":0,"texture":"#0"},"south":{"uv":[1.5625,3.53125,1.84375,3.59375],"tintindex":0,"rotation":0,"texture":"#0"},"north":{"uv":[1.28125,3.53125,1.5625,3.59375],"tintindex":0,"rotation":0,"texture":"#0"},"west":{"uv":[1.53125,3.59375,1.78125,3.65625],"tintindex":0,"rotation":0,"texture":"#0"},"up":{"uv":[2.59375,1.90625,2.3125,1.65625],"tintindex":0,"rotation":0,"texture":"#0"},"down":{"uv":[2.59375,1.90625,2.3125,2.15625],"tintindex":0,"rotation":0,"texture":"#0"}},"rotation":{"origin":[-7.125,7.75,5.5],"angle":-22.5,"axis":"y"}},{"from":[-7.0,7.25,0.625],"to":[-4.25,8.75,3.125],"faces":{"east":{"uv":[1.75,2.6875,2.0625,2.875],"tintindex":0,"rotation":0,"texture":"#0"},"south":{"uv":[2.5,0.1875,2.84375,0.375],"tintindex":0,"rotation":0,"texture":"#0"},"north":{"uv":[2.46875,0.78125,2.8125,0.96875],"tintindex":0,"rotation":0,"texture":"#0"},"west":{"uv":[0.0,2.71875,0.3125,2.90625],"tintindex":0,"rotation":0,"texture":"#0"},"up":{"uv":[0.34375,0.9375,0.0,0.625],"tintindex":0,"rotation":0,"texture":"#0"},"down":{"uv":[0.6875,0.625,0.34375,0.9375],"tintindex":0,"rotation":0,"texture":"#0"}}},{"from":[-2.25,7.25,2.375],"to":[0.25,8.5,4.625],"faces":{"east":{"uv":[3.09375,2.40625,3.375,2.5625],"tintindex":0,"rotation":0,"texture":"#0"},"south":{"uv":[2.84375,0.3125,3.15625,0.46875],"tintindex":0,"rotation":0,"texture":"#0"},"north":{"uv":[2.84375,0.15625,3.15625,0.3125],"tintindex":0,"rotation":0,"texture":"#0"},"west":{"uv":[3.09375,2.5625,3.375,2.71875],"tintindex":0,"rotation":0,"texture":"#0"},"up":{"uv":[1.1875,2.125,0.875,1.84375],"tintindex":0,"rotation":0,"texture":"#0"},"down":{"uv":[2.1875,0.84375,1.875,1.125],"tintindex":0,"rotation":0,"texture":"#0"}},"rotation":{"origin":[3.875,7.75,1.5],"angle":-45.0,"axis":"y"}},{"from":[-6.75,7.25,2.375],"to":[-5.0,8.25,4.625],"faces":{"east":{"uv":[3.28125,3.09375,3.5625,3.21875],"tintindex":0,"rotation":0,"texture":"#0"},"south":{"uv":[3.375,2.59375,3.59375,2.71875],"tintindex":0,"rotation":0,"texture":"#0"},"north":{"uv":[3.375,2.46875,3.59375,2.59375],"tintindex":0,"rotation":0,"texture":"#0"},"west":{"uv":[3.28125,3.21875,3.5625,3.34375],"tintindex":0,"rotation":0,"texture":"#0"},"up":{"uv":[2.78125,2.4375,2.5625,2.15625],"tintindex":0,"rotation":0,"texture":"#0"},"down":{"uv":[2.78125,2.4375,2.5625,2.71875],"tintindex":0,"rotation":0,"texture":"#0"}}},{"from":[-0.25,7.25,-1.125],"to":[1.75,7.75,1.125],"faces":{"east":{"uv":[1.84375,3.53125,2.125,3.59375],"tintindex":0,"rotation":0,"texture":"#0"},"south":{"uv":[2.03125,3.59375,2.28125,3.65625],"tintindex":0,"rotation":0,"texture":"#0"},"north":{"uv":[1.78125,3.59375,2.03125,3.65625],"tintindex":0,"rotation":0,"texture":"#0"},"west":{"uv":[2.125,3.53125,2.40625,3.59375],"tintindex":0,"rotation":0,"texture":"#0"},"up":{"uv":[2.5625,2.4375,2.3125,2.15625],"tintindex":0,"rotation":0,"texture":"#0"},"down":{"uv":[2.21875,2.375,1.96875,2.65625],"tintindex":0,"rotation":0,"texture":"#0"}},"rotation":{"origin":[3.875,7.75,1.5],"angle":-22.5,"axis":"y"}},{"from":[-6.25,7.25,15.875],"to":[-4.0,8.0,18.375],"faces":{"east":{"uv":[3.375,0.15625,3.6875,0.25],"tintindex":0,"rotation":0,"texture":"#0"},"south":{"uv":[1.28125,3.4375,1.5625,3.53125],"tintindex":0,"rotation":0,"texture":"#0"},"north":{"uv":[1.0,3.4375,1.28125,3.53125],"tintindex":0,"rotation":0,"texture":"#0"},"west":{"uv":[3.375,0.25,3.6875,0.34375],"tintindex":0,"rotation":0,"texture":"#0"},"up":{"uv":[0.59375,2.125,0.3125,1.8125],"tintindex":0,"rotation":0,"texture":"#0"},"down":{"uv":[1.6875,1.8125,1.40625,2.125],"tintindex":0,"rotation":0,"texture":"#0"}},"rotation":{"origin":[-1.625,8.0,1.875],"angle":-22.5,"axis":"y"}},{"from":[-8.5,7.25,4.125],"to":[-6.25,8.5,6.625],"faces":{"east":{"uv":[2.8125,1.625,3.125,1.78125],"tintindex":0,"rotation":0,"texture":"#0"},"south":{"uv":[3.09375,1.21875,3.375,1.375],"tintindex":0,"rotation":0,"texture":"#0"},"north":{"uv":[3.09375,1.0625,3.375,1.21875],"tintindex":0,"rotation":0,"texture":"#0"},"west":{"uv":[2.8125,1.78125,3.125,1.9375],"tintindex":0,"rotation":0,"texture":"#0"},"up":{"uv":[1.875,1.15625,1.59375,0.84375],"tintindex":0,"rotation":0,"texture":"#0"},"down":{"uv":[2.03125,1.15625,1.75,1.46875],"tintindex":0,"rotation":0,"texture":"#0"}},"rotation":{"origin":[-7.125,7.75,5.5],"angle":-45.0,"axis":"y"}},{"from":[-6.75,7.25,4.875],"to":[-5.0,8.0,6.375],"faces":{"east":{"uv":[0.21875,3.53125,0.40625,3.625],"tintindex":0,"rotation":0,"texture":"#0"},"south":{"uv":[3.34375,3.4375,3.5625,3.53125],"tintindex":0,"rotation":0,"texture":"#0"},"north":{"uv":[3.125,3.4375,3.34375,3.53125],"tintindex":0,"rotation":0,"texture":"#0"},"west":{"uv":[1.09375,3.53125,1.28125,3.625],"tintindex":0,"rotation":0,"texture":"#0"},"up":{"uv":[3.34375,1.90625,3.125,1.71875],"tintindex":0,"rotation":0,"texture":"#0"},"down":{"uv":[3.34375,1.90625,3.125,2.09375],"tintindex":0,"rotation":0,"texture":"#0"}},"rotation":{"origin":[-5.875,7.625,5.625],"angle":22.5,"axis":"y"}},{"from":[-4.75,7.25,-0.875],"to":[-2.5,8.25,1.625],"faces":{"east":{"uv":[3.15625,2.84375,3.46875,2.96875],"tintindex":0,"rotation":0,"texture":"#0"},"south":{"uv":[1.40625,3.3125,1.6875,3.4375],"tintindex":0,"rotation":0,"texture":"#0"},"north":{"uv":[1.125,3.3125,1.40625,3.4375],"tintindex":0,"rotation":0,"texture":"#0"},"west":{"uv":[1.125,3.1875,1.4375,3.3125],"tintindex":0,"rotation":0,"texture":"#0"},"up":{"uv":[2.03125,1.78125,1.75,1.46875],"tintindex":0,"rotation":0,"texture":"#0"},"down":{"uv":[2.03125,1.78125,1.75,2.09375],"tintindex":0,"rotation":0,"texture":"#0"}},"rotation":{"origin":[-1.625,8.0,1.875],"angle":-22.5,"axis":"y"}},{"from":[-7.25,7.25,8.125],"to":[-5.0,8.0,10.625],"faces":{"east":{"uv":[3.375,0.15625,3.6875,0.25],"tintindex":0,"rotation":0,"texture":"#0"},"south":{"uv":[1.28125,3.4375,1.5625,3.53125],"tintindex":0,"rotation":0,"texture":"#0"},"north":{"uv":[1.0,3.4375,1.28125,3.53125],"tintindex":0,"rotation":0,"texture":"#0"},"west":{"uv":[3.375,0.25,3.6875,0.34375],"tintindex":0,"rotation":0,"texture":"#0"},"up":{"uv":[0.59375,2.125,0.3125,1.8125],"tintindex":0,"rotation":0,"texture":"#0"},"down":{"uv":[1.6875,1.8125,1.40625,2.125],"tintindex":0,"rotation":0,"texture":"#0"}},"rotation":{"origin":[-1.625,8.0,1.875],"angle":-22.5,"axis":"y"}},{"from":[-1.25,7.25,1.375],"to":[1.25,8.0,3.625],"faces":{"east":{"uv":[1.5625,3.4375,1.84375,3.53125],"tintindex":0,"rotation":0,"texture":"#0"},"south":{"uv":[3.375,1.0,3.6875,1.09375],"tintindex":0,"rotation":0,"texture":"#0"},"north":{"uv":[3.375,0.90625,3.6875,1.0],"tintindex":0,"rotation":0,"texture":"#0"},"west":{"uv":[1.84375,3.4375,2.125,3.53125],"tintindex":0,"rotation":0,"texture":"#0"},"up":{"uv":[2.21875,0.28125,1.90625,0.0],"tintindex":0,"rotation":0,"texture":"#0"},"down":{"uv":[2.21875,0.28125,1.90625,0.5625],"tintindex":0,"rotation":0,"texture":"#0"}},"rotation":{"origin":[7.5,8.0,7.0],"angle":-22.5,"axis":"y"}},{"from":[2.5,7.25,-1.625],"to":[4.5,7.75,0.625],"faces":{"east":{"uv":[1.84375,3.53125,2.125,3.59375],"tintindex":0,"rotation":0,"texture":"#0"},"south":{"uv":[2.03125,3.59375,2.28125,3.65625],"tintindex":0,"rotation":0,"texture":"#0"},"north":{"uv":[1.78125,3.59375,2.03125,3.65625],"tintindex":0,"rotation":0,"texture":"#0"},"west":{"uv":[2.125,3.53125,2.40625,3.59375],