{"textures":{"0":"modelengine:entity/ink_stonepool"},"elements":[{"from":[17.0,7.25,0.625],"to":[19.25,8.25,3.125],"faces":{"east":{"uv":[2.65625,3.1875,2.96875,3.3125],"tintindex":0,"rotation":0,"texture":"#0"},"south":{"uv":[3.0,3.3125,3.28125,3.4375],"tintindex":0,"rotation":0,"texture":"#0"},"north":{"uv":[2.71875,3.3125,3.0,3.4375],"tintindex":0,"rotation":0,"texture":"#0"},"west":{"uv":[2.96875,3.1875,3.28125,3.3125],"tintindex":0,"rotation":0,"texture":"#0"},"up":{"uv":[2.3125,2.0625,2.03125,1.75],"tintindex":0,"rotation":0,"texture":"#0"},"down":{"uv":[2.3125,2.0625,2.03125,2.375],"tintindex":0,"rotation":0,"texture":"#0"}},"rotation":{"origin":[17.625,8.0,1.875],"angle":22.5,"axis":"y"}},{"from":[15.25,7.25,2.375],"to":[17.75,8.5,4.625],"faces":{"east":{"uv":[0.84375,3.125,1.125,3.28125],"tintindex":0,"rotation":0,"texture":"#0"},"south":{"uv":[0.0,2.90625,0.3125,3.0625],"tintindex":0,"rotation":0,"texture":"#0"},"north":{"uv":[2.84375,2.875,3.15625,3.03125],"tintindex":0,"rotation":0,"texture":"#0"},"west":{"uv":[3.125,1.375,3.40625,1.53125],"tintindex":0,"rotation":0,"texture":"#0"},"up":{"uv":[2.21875,0.84375,1.90625,0.5625],"tintindex":0,"rotation":0,"texture":"#0"},"down":{"uv":[0.875,2.15625,0.5625,2.4375],"tintindex":0,"rotation":0,"texture":"#0"}},"rotation":{"origin":[12.125,7.75,1.5],"angle":45.0,"axis":"y"}},{"from":[22.25,7.25,5.125],"to":[24.5,8.5,7.625],"faces":{"east":{"uv":[2.84375,0.46875,3.15625,0.625],"tintindex":0,"rotation":0,"texture":"#0"},"south":{"uv":[0.28125,3.125,0.5625,3.28125],"tintindex":0,"rotation":0,"texture":"#0"},"north":{"uv":[3.125,0.0,3.40625,0.15625],"tintindex":0,"rotation":0,"texture":"#0"},"west":{"uv":[2.84375,2.71875,3.15625,2.875],"tintindex":0,"rotation":0,"texture":"#0"},"up":{"uv":[2.3125,1.4375,2.03125,1.125],"tintindex":0,"rotation":0,"texture":"#0"},"down":{"uv":[2.3125,1.4375,2.03125,1.75],"tintindex":0,"rotation":0,"texture":"#0"}},"rotation":{"origin":[23.125,7.75,5.5],"angle":45.0,"axis":"y"}},{"from":[19.0,7.25,0.625],"to":[21.75,8.75,3.125],"faces":{"east":{"uv":[2.53125,2.71875,2.84375,2.90625],"tintindex":0,"rotation":0,"texture":"#0"},"south":{"uv":[2.5,0.5625,2.84375,0.75],"tintindex":0,"rotation":0,"texture":"#0"},"north":{"uv":[2.5,0.375,2.84375,0.5625],"tintindex":0,"rotation":0,"texture":"#0"},"west":{"uv":[2.78125,0.96875,3.09375,1.15625],"tintindex":0,"rotation":0,"texture":"#0"},"up":{"uv":[1.03125,0.3125,0.6875,0.0],"tintindex":0,"rotation":0,"texture":"#0"},"down":{"uv":[1.03125,0.3125,0.6875,0.625],"tintindex":0,"rotation":0,"texture":"#0"}}},{"from":[13.25,7.25,0.125],"to":[15.25,7.75,2.375],"faces":{"east":{"uv":[3.34375,3.53125,3.625,3.59375],"tintindex":0,"rotation":0,"texture":"#0"},"south":{"uv":[3.59375,2.28125,3.84375,2.34375],"tintindex":0,"rotation":0,"texture":"#0"},"north":{"uv":[3.59375,2.21875,3.84375,2.28125],"tintindex":0,"rotation":0,"texture":"#0"},"west":{"uv":[3.5625,3.09375,3.84375,3.15625],"tintindex":0,"rotation":0,"texture":"#0"},"up":{"uv":[1.96875,2.6875,1.71875,2.40625],"tintindex":0,"rotation":0,"texture":"#0"},"down":{"uv":[0.53125,2.4375,0.28125,2.71875],"tintindex":0,"rotation":0,"texture":"#0"}},"rotation":{"origin":[12.125,7.75,1.5],"angle":22.5,"axis":"y"}},{"from":[9.625,7.375,-2.25],"to":[27.125,7.375,15.25],"faces":{"up":{"uv":[2.1875,8.03125,0.0,5.84375],"tintindex":0,"rotation":0,"texture":"#0"},"down":{"uv":[8.21875,0.0,6.03125,2.1875],"tintindex":0,"rotation":0,"texture":"#0"}}},{"from":[20.5,7.25,8.625],"to":[22.75,8.0,11.125],"faces":{"east":{"uv":[3.375,1.09375,3.6875,1.1875],"tintindex":0,"rotation":0,"texture":"#0"},"south":{"uv":[2.40625,3.4375,2.6875,3.53125],"tintindex":0,"rotation":0,"texture":"#0"},"north":{"uv":[2.125,3.4375,2.40625,3.53125],"tintindex":0,"rotation":0,"texture":"#0"},"west":{"uv":[3.375,1.1875,3.6875,1.28125],"tintindex":0,"rotation":0,"texture":"#0"},"up":{"uv":[1.96875,2.40625,1.6875,2.09375],"tintindex":0,"rotation":0,"texture":"#0"},"down":{"uv":[0.5625,2.125,0.28125,2.4375],"tintindex":0,"rotation":0,"texture":"#0"}},"rotation":{"origin":[17.625,8.0,1.875],"angle":22.5,"axis":"y"}},{"from":[22.25,7.25,8.625],"to":[24.5,7.75,10.625],"faces":{"east":{"uv":[3.59375,2.09375,3.84375,2.15625],"tintindex":0,"rotation":0,"texture":"#0"},"south":{"uv":[3.0625,3.53125,3.34375,3.59375],"tintindex":0,"rotation":0,"texture":"#0"},"north":{"uv":[2.78125,3.53125,3.0625,3.59375],"tintindex":0,"rotation":0,"texture":"#0"},"west":{"uv":[3.59375,2.15625,3.84375,2.21875],"tintindex":0,"rotation":0,"texture":"#0"},"up":{"uv":[0.28125,2.65625,0.0,2.40625],"tintindex":0,"rotation":0,"texture":"#0"},"down":{"uv":[1.71875,2.40625,1.4375,2.65625],"tintindex":0,"rotation":0,"texture":"#0"}},"rotation":{"origin":[23.125,7.75,6.5],"angle":22.5,"axis":"y"}},{"from":[21.0,7.25,4.875],"to":[22.75,8.0,6.375],"faces":{"east":{"uv":[2.40625,3.53125,2.59375,3.625],"tintindex":0,"rotation":0,"texture":"#0"},"south":{"uv":[3.46875,0.34375,3.6875,0.4375],"tintindex":0,"rotation":0,"texture":"#0"},"north":{"uv":[0.0,3.46875,0.21875,3.5625],"tintindex":0,"rotation":0,"texture":"#0"},"west":{"uv":[2.59375,3.53125,2.78125,3.625],"tintindex":0,"rotation":0,"texture":"#0"},"up":{"uv":[2.15625,3.3125,1.9375,3.125],"tintindex":0,"rotation":0,"texture":"#0"},"down":{"uv":[3.375,0.15625,3.15625,0.34375],"tintindex":0,"rotation":0,"texture":"#0"}},"rotation":{"origin":[21.875,7.625,5.625],"angle":-22.5,"axis":"y"}},{"from":[21.0,7.25,2.375],"to":[22.75,8.25,4.625],"faces":{"east":{"uv":[1.6875,3.3125,1.96875,3.4375],"tintindex":0,"rotation":0,"texture":"#0"},"south":{"uv":[0.21875,3.40625,0.4375,3.53125],"tintindex":0,"rotation":0,"texture":"#0"},"north":{"uv":[3.40625,0.0,3.625,0.125],"tintindex":0,"rotation":0,"texture":"#0"},"west":{"uv":[2.4375,3.3125,2.71875,3.4375],"tintindex":0,"rotation":0,"texture":"#0"},"up":{"uv":[2.8125,1.8125,2.59375,1.53125],"tintindex":0,"rotation":0,"texture":"#0"},"down":{"uv":[2.8125,1.8125,2.59375,2.09375],"tintindex":0,"rotation":0,"texture":"#0"}}},{"from":[20.0,7.25,9.625],"to":[22.25,8.5,12.125],"faces":{"east":{"uv":[1.25,2.875,1.5625,3.03125],"tintindex":0,"rotation":0,"texture":"#0"},"south":{"uv":[3.125,0.625,3.40625,0.78125],"tintindex":0,"rotation":0,"texture":"#0"},"north":{"uv":[0.5625,3.125,0.84375,3.28125],"tintindex":0,"rotation":0,"texture":"#0"},"west":{"uv":[1.5625,2.875,1.875,3.03125],"tintindex":0,"rotation":0,"texture":"#0"},"up":{"uv":[1.15625,2.4375,0.875,2.125],"tintindex":0,"rotation":0,"texture":"#0"},"down":{"uv":[1.4375,2.125,1.15625,2.4375],"tintindex":0,"rotation":0,"texture":"#0"}},"rotation":{"origin":[23.125,7.75,6.5],"angle":45.0,"axis":"y"}},{"from":[14.75,7.25,-0.375],"to":[17.25,7.75,1.875],"faces":{"east":{"uv":[0.0,2.65625,0.28125,2.71875],"tintindex":0,"rotation":0,"texture":"#0"},"south":{"uv":[3.46875,0.4375,3.78125,0.5],"tintindex":0,"rotation":0,"texture":"#0"},"north":{"uv":[3.40625,1.46875,3.71875,1.53125],"tintindex":0,"rotation":0,"texture":"#0"},"west":{"uv":[2.8125,0.90625,3.09375,0.96875],"tintindex":0,"rotation":0,"texture":"#0"},"up":{"uv":[1.0,0.90625,0.6875,0.625],"tintindex":0,"rotation":0,"texture":"#0"},"down":{"uv":[1.0,0.90625,0.6875,1.1875],"tintindex":0,"rotation":0,"texture":"#0"}},"rotation":{"origin":[8.5,8.0,7.0],"angle":22.5,"axis":"y"}}],"display":{"gui":{"rotation":[30,225,0]}}}