{"textures":{"0":"modelengine:entity/wolfebersahd"},"elements":[{"from":[4.290098,14.244154,2.4794817],"to":[11.790098,21.744154,5.4794817],"faces":{"east":{"uv":[4.6375,9.5125,5.3625,11.3625],"tintindex":0,"rotation":0,"texture":"#0"},"south":{"uv":[3.2625,1.8875,5.1125,3.7375],"tintindex":0,"rotation":0,"texture":"#0"},"north":{"uv":[3.2625,0.0125,5.1125,1.8625],"tintindex":0,"rotation":0,"texture":"#0"},"west":{"uv":[0.0125,10.0125,0.7375,11.8625],"tintindex":0,"rotation":0,"texture":"#0"},"up":{"uv":[11.8625,2.9875,10.0125,2.2625],"tintindex":0,"rotation":0,"texture":"#0"},"down":{"uv":[11.8625,3.0125,10.0125,3.7375],"tintindex":0,"rotation":0,"texture":"#0"}}},{"from":[6.040098,15.494154,5.4794817],"to":[10.040098,19.994154,10.479482],"faces":{"east":{"uv":[10.0125,6.1375,11.2375,7.2375],"tintindex":0,"rotation":0,"texture":"#0"},"south":{"uv":[12.2625,9.1375,13.2375,10.2375],"tintindex":0,"rotation":0,"texture":"#0"},"north":{"uv":[2.8875,12.2625,3.8625,13.3625],"tintindex":0,"rotation":0,"texture":"#0"},"west":{"uv":[10.3875,7.2625,11.6125,8.3625],"tintindex":0,"rotation":0,"texture":"#0"},"up":{"uv":[8.3625,13.2375,7.3875,12.0125],"tintindex":0,"rotation":0,"texture":"#0"},"down":{"uv":[6.1125,12.1375,5.1375,13.3625],"tintindex":0,"rotation":0,"texture":"#0"}}},{"from":[7.040098,12.994154,6.9794817],"to":[9.040098,21.494154,8.979482],"faces":{"east":{"uv":[10.6375,12.8875,11.1125,14.9875],"tintindex":0,"rotation":0,"texture":"#0"},"south":{"uv":[11.1375,12.8875,11.6125,14.9875],"tintindex":0,"rotation":0,"texture":"#0"},"north":{"uv":[10.1375,12.6375,10.6125,14.7375],"tintindex":0,"rotation":0,"texture":"#0"},"west":{"uv":[12.8875,11.1375,13.3625,13.2375],"tintindex":0,"rotation":0,"texture":"#0"},"up":{"uv":[8.6125,15.1125,8.1375,14.6375],"tintindex":0,"rotation":0,"texture":"#0"},"down":{"uv":[15.1125,12.0125,14.6375,12.4875],"tintindex":0,"rotation":0,"texture":"#0"}}},{"from":[7.2900987,-6.505846,7.2294817],"to":[8.790098,12.994154,8.729482],"faces":{"east":{"uv":[1.7625,8.7625,2.1125,13.6125],"tintindex":0,"rotation":0,"texture":"#0"},"south":{"uv":[2.1375,8.7625,2.4875,13.6125],"tintindex":0,"rotation":0,"texture":"#0"},"north":{"uv":[1.3875,8.7625,1.7375,13.6125],"tintindex":0,"rotation":0,"texture":"#0"},"west":{"uv":[2.5125,8.7625,2.8625,13.6125],"tintindex":0,"rotation":0,"texture":"#0"},"up":{"uv":[6.9875,15.2375,6.6375,14.8875],"tintindex":0,"rotation":0,"texture":"#0"},"down":{"uv":[15.2375,6.8875,14.8875,7.2375],"tintindex":0,"rotation":0,"texture":"#0"}}},{"from":[5.540098,14.994154,10.479482],"to":[10.540098,20.494154,11.979482],"faces":{"east":{"uv":[1.5125,4.0125,1.8625,5.3625],"tintindex":0,"rotation":0,"texture":"#0"},"south":{"uv":[8.7625,2.7625,9.9875,4.1125],"tintindex":0,"rotation":0,"texture":"#0"},"north":{"uv":[8.6375,1.3875,9.8625,2.7375],"tintindex":0,"rotation":0,"texture":"#0"},"west":{"uv":[2.3875,13.6375,2.7375,14.9875],"tintindex":0,"rotation":0,"texture":"#0"},"up":{"uv":[14.6125,4.3625,13.3875,4.0125],"tintindex":0,"rotation":0,"texture":"#0"},"down":{"uv":[14.7375,10.6375,13.5125,10.9875],"tintindex":0,"rotation":0,"texture":"#0"}}}]}