{"textures":{"0":"modelengine:entity/pohaku3"},"elements":[{"from":[-7.166664,2.5,-0.1903553],"to":[8.833332,18.5,15.809644],"faces":{"east":{"uv":[7.3125,8.71875,6.8125,9.21875],"tintindex":0,"rotation":0,"texture":"#0"},"south":{"uv":[6.0625,8.71875,5.5625,9.21875],"tintindex":0,"rotation":0,"texture":"#0"},"north":{"uv":[9.21875,1.8125,8.71875,2.3125],"tintindex":0,"rotation":0,"texture":"#0"},"west":{"uv":[9.21875,2.3125,8.71875,2.8125],"tintindex":0,"rotation":0,"texture":"#0"},"up":{"uv":[8.78125,5.125,9.28125,4.625],"tintindex":0,"rotation":0,"texture":"#0"},"down":{"uv":[8.78125,5.125,9.28125,5.625],"tintindex":0,"rotation":0,"texture":"#0"}},"rotation":{"origin":[0.83333206,10.5,7.8096447],"angle":45.0,"axis":"x"}},{"from":[-4.166664,-4.5,-7.876647],"to":[19.833332,10.5,23.123352],"faces":{"east":{"uv":[7.4375,5.15625,6.46875,5.625],"tintindex":0,"rotation":0,"texture":"#0"},"south":{"uv":[8.6875,4.5625,7.9375,5.03125],"tintindex":0,"rotation":0,"texture":"#0"},"north":{"uv":[8.6875,4.09375,7.9375,4.5625],"tintindex":0,"rotation":0,"texture":"#0"},"west":{"uv":[7.4375,4.6875,6.46875,5.15625],"tintindex":0,"rotation":0,"texture":"#0"},"up":{"uv":[0.75,5.875,1.5,4.90625],"tintindex":0,"rotation":0,"texture":"#0"},"down":{"uv":[4.1875,2.125,4.9375,3.09375],"tintindex":0,"rotation":0,"texture":"#0"}}},{"from":[8.833332,2.5,4.8096447],"to":[21.833332,12.5,14.809644],"faces":{"east":{"uv":[10.03125,7.40625,9.71875,7.71875],"tintindex":0,"rotation":0,"texture":"#0"},"south":{"uv":[10.03125,2.25,9.625,2.5625],"tintindex":0,"rotation":0,"texture":"#0"},"north":{"uv":[10.03125,1.9375,9.625,2.25],"tintindex":0,"rotation":0,"texture":"#0"},"west":{"uv":[10.03125,7.09375,9.71875,7.40625],"tintindex":0,"rotation":0,"texture":"#0"},"up":{"uv":[3.21875,9.9375,3.625,9.625],"tintindex":0,"rotation":0,"texture":"#0"},"down":{"uv":[8.53125,9.625,8.9375,9.9375],"tintindex":0,"rotation":0,"texture":"#0"}},"rotation":{"origin":[0.83333206,10.5,12.809644],"angle":45.0,"axis":"x"}}]}