{"textures":{"0":"modelengine:entity/piratepack_crab"},"elements":[{"from":[5.3951674,2.0,-0.80035114],"to":[16.395168,8.0,-0.80035114],"faces":{"south":{"uv":[5.5,6.0,2.75,7.5],"tintindex":0,"rotation":0,"texture":"#0"},"north":{"uv":[2.75,6.0,5.5,7.5],"tintindex":0,"rotation":0,"texture":"#0"}},"rotation":{"origin":[10.895167,8.0,1.1996489],"angle":22.5,"axis":"x"}},{"from":[5.3951674,8.0,7.199649],"to":[16.395168,10.0,7.199649],"faces":{"south":{"uv":[10.5,3.0,7.75,3.5],"tintindex":0,"rotation":0,"texture":"#0"},"north":{"uv":[7.75,3.0,10.5,3.5],"tintindex":0,"rotation":0,"texture":"#0"}},"rotation":{"origin":[10.895167,8.0,1.1996489],"angle":22.5,"axis":"x"}},{"from":[5.3951674,8.0,-0.80035114],"to":[16.395168,8.0,7.199649],"faces":{"up":{"uv":[5.0,5.5,3.0,2.75],"tintindex":0,"rotation":90,"texture":"#0"},"down":{"uv":[5.0,2.75,3.0,5.5],"tintindex":0,"rotation":270,"texture":"#0"}},"rotation":{"origin":[10.895167,8.0,1.1996489],"angle":22.5,"axis":"x"}}],"display":{"gui":{"rotation":[30,225,0]}}}