{"textures":{"0":"modelengine:entity/piratepack_crab"},"elements":[{"from":[1.6996489,8.0,10.895166],"to":[12.699649,8.0,18.895168],"faces":{"up":{"uv":[3.0,5.5,5.0,2.75],"tintindex":0,"rotation":90,"texture":"#0"},"down":{"uv":[3.0,2.75,5.0,5.5],"tintindex":0,"rotation":270,"texture":"#0"}},"rotation":{"origin":[7.199649,8.0,16.895168],"angle":-22.5,"axis":"x"}},{"from":[1.6996489,8.0,10.895166],"to":[12.699649,10.0,10.895166],"faces":{"south":{"uv":[10.5,3.0,7.75,3.5],"tintindex":0,"rotation":0,"texture":"#0"},"north":{"uv":[7.75,3.0,10.5,3.5],"tintindex":0,"rotation":0,"texture":"#0"}},"rotation":{"origin":[7.199649,8.0,16.895168],"angle":-22.5,"axis":"x"}},{"from":[1.6996489,2.0,18.895168],"to":[12.699649,8.0,18.895168],"faces":{"south":{"uv":[5.5,6.0,2.75,7.5],"tintindex":0,"rotation":0,"texture":"#0"},"north":{"uv":[2.75,6.0,5.5,7.5],"tintindex":0,"rotation":0,"texture":"#0"}},"rotation":{"origin":[7.199649,8.0,16.895168],"angle":-22.5,"axis":"x"}}]}