{"textures":{"0":"modelengine:entity/ink_dragon"},"elements":[{"from":[28.035429,-10.600506,-1.7588997],"to":[28.035429,31.399494,20.2411],"faces":{"east":{"uv":[4.375,5.1875,5.75,7.8125],"tintindex":0,"rotation":0,"texture":"#0"},"south":{"uv":[4.375,5.1875,5.75,7.8125],"tintindex":0,"rotation":0,"texture":"#0"},"north":{"uv":[4.375,5.1875,5.75,7.8125],"tintindex":0,"rotation":0,"texture":"#0"},"west":{"uv":[5.75,5.1875,4.375,7.8125],"tintindex":0,"rotation":0,"texture":"#0"},"up":{"uv":[4.375,5.1875,5.75,7.8125],"tintindex":0,"rotation":0,"texture":"#0"},"down":{"uv":[4.375,5.1875,5.75,7.8125],"tintindex":0,"rotation":0,"texture":"#0"}},"rotation":{"origin":[28.035429,10.399494,9.2411],"angle":22.5,"axis":"z"}},{"from":[-3.995,-13.661972,28.885492],"to":[19.994999,28.338028,28.885492],"faces":{"east":{"uv":[7.125,10.25,8.625,12.875],"tintindex":0,"rotation":0,"texture":"#0"},"south":{"uv":[7.125,10.25,8.625,12.875],"tintindex":0,"rotation":0,"texture":"#0"},"north":{"uv":[7.125,10.25,8.625,12.875],"tintindex":0,"rotation":0,"texture":"#0"},"west":{"uv":[7.125,10.25,8.625,12.875],"tintindex":0,"rotation":0,"texture":"#0"},"up":{"uv":[7.125,10.25,8.625,12.875],"tintindex":0,"rotation":0,"texture":"#0"},"down":{"uv":[7.125,10.25,8.625,12.875],"tintindex":0,"rotation":0,"texture":"#0"}},"rotation":{"origin":[8.0,7.338028,20.885492],"angle":-22.5,"axis":"x"}},{"from":[-3.9899998,-12.198654,-1.7588997],"to":[19.99,29.801348,20.2411],"faces":{"east":{"uv":[3.0,5.25,4.375,7.875],"tintindex":0,"rotation":0,"texture":"#0"},"south":{"uv":[1.5,4.75,3.0,7.375],"tintindex":0,"rotation":0,"texture":"#0"},"north":{"uv":[0.0,4.75,1.5,7.375],"tintindex":0,"rotation":0,"texture":"#0"},"west":{"uv":[4.375,5.25,3.0,7.875],"tintindex":0,"rotation":0,"texture":"#0"},"up":{"uv":[3.125,9.25,1.625,7.875],"tintindex":0,"rotation":0,"texture":"#0"},"down":{"uv":[4.625,7.875,3.125,9.25],"tintindex":0,"rotation":0,"texture":"#0"}}},{"from":[-12.035429,-10.600506,-1.7588997],"to":[-12.035429,31.399494,20.2411],"faces":{"east":{"uv":[4.375,5.1875,5.75,7.8125],"tintindex":0,"rotation":0,"texture":"#0"},"south":{"uv":[5.75,5.1875,4.375,7.8125],"tintindex":0,"rotation":0,"texture":"#0"},"north":{"uv":[5.75,5.1875,4.375,7.8125],"tintindex":0,"rotation":0,"texture":"#0"},"west":{"uv":[5.75,5.1875,4.375,7.8125],"tintindex":0,"rotation":0,"texture":"#0"},"up":{"uv":[5.75,5.1875,4.375,7.8125],"tintindex":0,"rotation":0,"texture":"#0"},"down":{"uv":[5.75,5.1875,4.375,7.8125],"tintindex":0,"rotation":0,"texture":"#0"}},"rotation":{"origin":[-12.035429,10.399494,9.2411],"angle":-22.5,"axis":"z"}}],"display":{"gui":{"rotation":[30,225,0]}}}