{"textures":{"0":"modelengine:entity/ink_dragon"},"elements":[{"from":[2.0175,-2.830986,18.442745],"to":[13.9825,18.169014,18.442745],"faces":{"east":{"uv":[7.125,10.25,8.625,12.875],"tintindex":0,"rotation":0,"texture":"#0"},"south":{"uv":[7.125,10.25,8.625,12.875],"tintindex":0,"rotation":0,"texture":"#0"},"north":{"uv":[7.125,10.25,8.625,12.875],"tintindex":0,"rotation":0,"texture":"#0"},"west":{"uv":[7.125,10.25,8.625,12.875],"tintindex":0,"rotation":0,"texture":"#0"},"up":{"uv":[7.125,10.25,8.625,12.875],"tintindex":0,"rotation":0,"texture":"#0"},"down":{"uv":[7.125,10.25,8.625,12.875],"tintindex":0,"rotation":0,"texture":"#0"}},"rotation":{"origin":[8.014999,7.669014,14.442746],"angle":-22.5,"axis":"x"}},{"from":[-2.5,12.400674,-10.37945],"to":[1.5,18.400673,-8.87945],"faces":{"east":{"uv":[4.875,2.4375,5.0625,3.1875],"tintindex":0,"rotation":0,"texture":"#0"},"south":{"uv":[4.0625,2.875,4.5625,3.625],"tintindex":0,"rotation":0,"texture":"#0"},"north":{"uv":[4.0625,2.125,4.5625,2.875],"tintindex":0,"rotation":0,"texture":"#0"},"west":{"uv":[5.0625,2.4375,5.25,3.1875],"tintindex":0,"rotation":0,"texture":"#0"},"up":{"uv":[5.1875,5.0625,4.6875,4.875],"tintindex":0,"rotation":0,"texture":"#0"},"down":{"uv":[5.5625,3.1875,5.0625,3.375],"tintindex":0,"rotation":0,"texture":"#0"}},"rotation":{"origin":[-0.5,13.400674,-8.62945],"angle":-45.0,"axis":"x"}},{"from":[-2.5,6.400673,-9.87945],"to":[1.5,12.400674,-7.37945],"faces":{"east":{"uv":[3.75,4.5,4.0625,5.25],"tintindex":0,"rotation":0,"texture":"#0"},"south":{"uv":[4.0625,1.375,4.5625,2.125],"tintindex":0,"rotation":0,"texture":"#0"},"north":{"uv":[4.0625,0.625,4.5625,1.375],"tintindex":0,"rotation":0,"texture":"#0"},"west":{"uv":[4.5625,0.9375,4.875,1.6875],"tintindex":0,"rotation":0,"texture":"#0"},"up":{"uv":[5.0625,3.5,4.5625,3.1875],"tintindex":0,"rotation":0,"texture":"#0"},"down":{"uv":[4.5625,4.5625,4.0625,4.875],"tintindex":0,"rotation":0,"texture":"#0"}},"rotation":{"origin":[-1.0,9.400674,-8.62945],"angle":-22.5,"axis":"y"}},{"from":[-2.0177145,-1.3002529,3.1205502],"to":[-2.0177145,19.699747,14.12055],"faces":{"east":{"uv":[4.375,5.1875,5.75,7.8125],"tintindex":0,"rotation":0,"texture":"#0"},"south":{"uv":[5.75,5.1875,4.375,7.8125],"tintindex":0,"rotation":0,"texture":"#0"},"north":{"uv":[5.75,5.1875,4.375,7.8125],"tintindex":0,"rotation":0,"texture":"#0"},"west":{"uv":[5.75,5.1875,4.375,7.8125],"tintindex":0,"rotation":0,"texture":"#0"},"up":{"uv":[5.75,5.1875,4.375,7.8125],"tintindex":0,"rotation":0,"texture":"#0"},"down":{"uv":[5.75,5.1875,4.375,7.8125],"tintindex":0,"rotation":0,"texture":"#0"}},"rotation":{"origin":[-2.0177145,9.199747,8.62055],"angle":-22.5,"axis":"z"}},{"from":[13.5,7.400674,-1.8794498],"to":[16.0,9.900674,13.62055],"faces":{"east":{"uv":[5.6875,0.3125,3.75,0.625],"tintindex":0,"rotation":0,"texture":"#0"},"south":{"uv":[4.375,4.875,4.0625,5.1875],"tintindex":0,"rotation":0,"texture":"#0"},"north":{"uv":[4.875,4.5625,4.5625,4.875],"tintindex":0,"rotation":0,"texture":"#0"},"west":{"uv":[5.6875,0.0,3.75,0.3125],"tintindex":0,"rotation":0,"texture":"#0"},"up":{"uv":[3.75,2.5625,4.0625,0.625],"tintindex":0,"rotation":0,"texture":"#0"},"down":{"uv":[3.75,2.5625,4.0625,4.5],"tintindex":0,"rotation":0,"texture":"#0"}},"rotation":{"origin":[19.25,8.650674,8.62055],"angle":-45.0,"axis":"y"}},{"from":[2.5,7.400674,-1.8794498],"to":[11.5,9.900674,0.62055016],"faces":{"east":{"uv":[4.375,4.875,4.6875,5.1875],"tintindex":0,"rotation":0,"texture":"#0"},"south":{"uv":[4.0625,3.9375,5.1875,4.25],"tintindex":0,"rotation":0,"texture":"#0"},"north":{"uv":[4.0625,3.625,5.1875,3.9375],"tintindex":0,"rotation":0,"texture":"#0"},"west":{"uv":[4.875,4.5625,5.1875,4.875],"tintindex":0,"rotation":0,"texture":"#0"},"up":{"uv":[5.1875,4.5625,4.0625,4.25],"tintindex":0,"rotation":0,"texture":"#0"},"down":{"uv":[5.6875,0.625,4.5625,0.9375],"tintindex":0,"rotation":0,"texture":"#0"}},"rotation":{"origin":[-3.25,8.650674,8.62055],"angle":45.0,"axis":"y"}},{"from":[0.0,7.400674,-1.8794498],"to":[2.5,9.900674,13.62055],"faces":{"east":{"uv":[3.75,0.0,5.6875,0.3125],"tintindex":0,"rotation":0,"texture":"#0"},"south":{"uv":[4.0625,4.875,4.375,5.1875],"tintindex":0,"rotation":0,"texture":"#0"},"north":{"uv":[4.5625,4.5625,4.875,4.875],"tintindex":0,"rotation":0,"texture":"#0"},"west":{"uv":[3.75,0.3125,5.6875,0.625],"tintindex":0,"rotation":0,"texture":"#0"},"up":{"uv":[4.0625,2.5625,3.75,0.625],"tintindex":0,"rotation":0,"texture":"#0"},"down":{"uv":[4.0625,2.5625,3.75,4.5],"tintindex":0,"rotation":0,"texture":"#0"}},"rotation":{"origin":[-3.25,8.650674,8.62055],"angle":45.0,"axis":"y"}},{"from":[18.017715,-1.3002529,3.1205502],"to":[18.017715,19.699747,14.12055],"faces":{"east":{"uv":[4.375,5.1875,5.75,7.8125],"tintindex":0,"rotation":0,"texture":"#0"},"south":{"uv":[4.375,5.1875,5.75,7.8125],"tintindex":0,"rotation":0,"texture":"#0"},"north":{"uv":[4.375,5.1875,5.75,7.8125],"tintindex":0,"rotation":0,"texture":"#0"},"west":{"uv":[5.75,5.1875,4.375,7.8125],"tintindex":0,"rotation":0,"texture":"#0"},"up":{"uv":[4.375,5.1875,5.75,7.8125],"tintindex":0,"rotation":0,"texture":"#0"},"down":{"uv":[4.375,5.1875,5.75,7.8125],"tintindex":0,"rotation":0,"texture":"#0"}},"rotation":{"origin":[18.017715,9.199747,8.62055],"angle":22.5,"axis":"z"}},{"from":[14.5,6.400673,-9.87945],"to":[18.5,12.400674,-7.37945],"faces":{"east":{"uv":[4.875,0.9375,4.5625,1.6875],"tintindex":0,"rotation":0,"texture":"#0"},"south":{"uv":[4.5625,1.375,4.0625,2.125],"tintindex":0,"rotation":0,"texture":"#0"},"north":{"uv":[4.5625,0.625,4.0625,1.375],"tintindex":0,"rotation":0,"texture":"#0"},"west":{"uv":[4.0625,4.5,3.75,5.25],"tintindex":0,"rotation":0,"texture":"#0"},"up":{"uv":[4.5625,3.5,5.0625,3.1875],"tintindex":0,"rotation":0,"texture":"#0"},"down":{"uv":[4.0625,4.5625,4.5625,4.875],"tintindex":0,"rotation":0,"texture":"#0"}},"rotation":{"origin":[17.0,9.400674,-8.62945],"angle":22.5,"axis":"y"}},{"from":[-1.0,3.400673,-9.87945],"to":[1.0,9.400674,-7.37945],"faces":{"east":{"uv":[4.5625,1.6875,4.875,2.4375],"tintindex":0,"rotation":0,"texture":"#0"},"south":{"uv":[4.875,1.6875,5.125,2.4375],"tintindex":0,"rotation":0,"texture":"#0"},"north":{"uv":[4.875,0.9375,5.125,1.6875],"tintindex":0,"rotation":0,"texture":"#0"},"west":{"uv":[4.5625,2.4375,4.875,3.1875],"tintindex":0,"rotation":0,"texture":"#0"},"up":{"uv":[3.75,5.0625,3.5,4.75],"tintindex":0,"rotation":0,"texture":"#0"},"down":{"uv":[5.375,0.9375,5.125,1.25],"tintindex":0,"rotation":0,"texture":"#0"}},"rotation":{"origin":[0.0,9.400674,-8.62945],"angle":22.5,"axis":"x"}},{"from":[2.0349998,-2.099327,3.1205502],"to":[13.965,18.900673,14.12055],"faces":{"east":{"uv":[3.0,5.25,4.375,7.875],"tintindex":0,"rotation":0,"texture":"#0"},"south":{"uv":[1.5,4.75,3.0,7.375],"tintindex":0,"rotation":0,"texture":"#0"},"north":{"uv":[0.0,4.75,1.5,7.375],"tintindex":0,"rotation":0,"texture":"#0"},"west":{"uv":[4.375,5.25,3.0,7.875],"tintindex":0,"rotation":0,"texture":"#0"},"up":{"uv":[3.125,9.25,1.625,7.875],"tintindex":0,"rotation":0,"texture":"#0"},"down":{"uv":[4.625,7.875,3.125,9.25],"tintindex":0,"rotation":0,"texture":"#0"}}},{"from":[4.5,7.400674,-1.8794498],"to":[13.5,9.900674,0.62055016],"faces":{"east":{"uv":[5.1875,4.5625,4.875,4.875],"tintindex":0,"rotation":0,"texture":"#0"},"south":{"uv":[5.1875,3.9375,4.0625,4.25],"tintindex":0,"rotation":0,"texture":"#0"},"north":{"uv":[5.1875,3.625,4.0625,3.9375],"tintindex":0,"rotation":0,"texture":"#0"},"west":{"uv":[4.6875,4.875,4.375,5.1875],"tintindex":0,"rotation":0,"texture":"#0"},"up":{"uv":[4.0625,4.5625,5.1875,4.25],"tintindex":0,"rotation":0,"texture":"#0"},"down":{"uv":[4.5625,0.625,5.6875,0.9375],"tintindex":0,"rotation":0,"texture":"#0"}},"rotation":{"origin":[19.25,8.650674,8.62055],"angle":-45.0,"axis":"y"}},{"from":[14.5,12.400674,-10.37945],"to":[18.5,18.400673,-8.87945],"faces":{"east":{"uv":[5.25,2.4375,5.0625,3.1875],"tintindex":0,"rotation":0,"texture":"#0"},"south":{"uv":[4.5625,2.875,4.0625,3.625],