{"textures":{"0":"modelengine:entity/pirate_captain_seaweed"},"elements":[{"from":[8.046402,-0.058433533,-0.036514282],"to":[13.046402,3.9415665,4.9634857],"faces":{"east":{"uv":[7.5625,11.25,7.8125,11.5625],"tintindex":0,"rotation":270,"texture":"#0"},"south":{"uv":[11.5625,8.1875,11.25,7.9375],"tintindex":0,"rotation":0,"texture":"#0"},"north":{"uv":[0.625,11.3125,0.3125,11.5625],"tintindex":0,"rotation":180,"texture":"#0"},"west":{"uv":[7.8125,11.25,8.0625,11.5625],"tintindex":0,"rotation":90,"texture":"#0"},"up":{"uv":[1.0625,11.125,1.375,11.4375],"tintindex":0,"rotation":180,"texture":"#0"},"down":{"uv":[1.375,11.125,1.6875,11.4375],"tintindex":0,"rotation":0,"texture":"#0"}},"rotation":{"origin":[8.046402,2.9415665,3.4634857],"angle":-22.5,"axis":"x"}},{"from":[3.614398,1.1463585,8.264045],"to":[15.614398,14.1463585,24.264046],"faces":{"east":{"uv":[5.75,1.8125,6.5625,2.8125],"tintindex":0,"rotation":270,"texture":"#0"},"south":{"uv":[7.6875,8.3125,6.9375,7.5],"tintindex":0,"rotation":0,"texture":"#0"},"north":{"uv":[5.75,7.5625,5.0,8.375],"tintindex":0,"rotation":180,"texture":"#0"},"west":{"uv":[5.75,2.8125,6.5625,3.8125],"tintindex":0,"rotation":90,"texture":"#0"},"up":{"uv":[6.5625,5.875,7.3125,6.875],"tintindex":0,"rotation":180,"texture":"#0"},"down":{"uv":[6.6875,0.6875,7.4375,1.6875],"tintindex":0,"rotation":0,"texture":"#0"}}},{"from":[1.8104973,9.645596,-0.6677265],"to":[6.8104973,13.645596,8.3322735],"faces":{"east":{"uv":[10.8125,6.875,11.0625,7.4375],"tintindex":0,"rotation":270,"texture":"#0"},"south":{"uv":[0.9375,11.5625,0.625,11.3125],"tintindex":0,"rotation":0,"texture":"#0"},"north":{"uv":[11.625,2.3125,11.3125,2.5625],"tintindex":0,"rotation":180,"texture":"#0"},"west":{"uv":[10.875,0.9375,11.125,1.5],"tintindex":0,"rotation":90,"texture":"#0"},"up":{"uv":[5.375,10.5625,5.6875,11.125],"tintindex":0,"rotation":180,"texture":"#0"},"down":{"uv":[5.6875,10.5625,5.375,11.125],"tintindex":0,"rotation":0,"texture":"#0"}},"rotation":{"origin":[8.810497,11.645596,3.832273],"angle":22.5,"axis":"y"}},{"from":[3.6447477,5.4211273,-0.44830227],"to":[8.644748,9.421127,8.551698],"faces":{"east":{"uv":[10.8125,6.875,11.0625,7.4375],"tintindex":0,"rotation":270,"texture":"#0"},"south":{"uv":[0.9375,11.5625,0.625,11.3125],"tintindex":0,"rotation":0,"texture":"#0"},"north":{"uv":[11.625,2.3125,11.3125,2.5625],"tintindex":0,"rotation":180,"texture":"#0"},"west":{"uv":[10.875,0.9375,11.125,1.5],"tintindex":0,"rotation":90,"texture":"#0"},"up":{"uv":[5.375,10.5625,5.6875,11.125],"tintindex":0,"rotation":180,"texture":"#0"},"down":{"uv":[5.6875,10.5625,5.375,11.125],"tintindex":0,"rotation":0,"texture":"#0"}}},{"from":[5.614398,3.6463585,24.264046],"to":[13.614398,11.6463585,26.264046],"faces":{"east":{"uv":[3.75,2.625,4.25,2.75],"tintindex":0,"rotation":270,"texture":"#0"},"south":{"uv":[10.5,8.4375,10.0,7.9375],"tintindex":0,"rotation":0,"texture":"#0"},"north":{"uv":[9.625,10.0,9.125,10.5],"tintindex":0,"rotation":180,"texture":"#0"},"west":{"uv":[0.5,4.25,1.0,4.375],"tintindex":0,"rotation":90,"texture":"#0"},"up":{"uv":[1.4375,2.625,1.9375,2.75],"tintindex":0,"rotation":180,"texture":"#0"},"down":{"uv":[0.0,4.25,0.5,4.375],"tintindex":0,"rotation":0,"texture":"#0"}}},{"from":[3.046402,-0.058433533,-0.036514282],"to":[8.046402,3.9415665,8.963486],"faces":{"east":{"uv":[10.8125,6.875,11.0625,7.4375],"tintindex":0,"rotation":270,"texture":"#0"},"south":{"uv":[0.9375,11.5625,0.625,11.3125],"tintindex":0,"rotation":0,"texture":"#0"},"north":{"uv":[11.625,2.3125,11.3125,2.5625],"tintindex":0,"rotation":180,"texture":"#0"},"west":{"uv":[10.875,0.9375,11.125,1.5],"tintindex":0,"rotation":90,"texture":"#0"},"up":{"uv":[5.375,10.5625,5.6875,11.125],"tintindex":0,"rotation":180,"texture":"#0"},"down":{"uv":[5.6875,10.5625,5.375,11.125],"tintindex":0,"rotation":0,"texture":"#0"}},"rotation":{"origin":[8.046402,2.9415665,3.4634857],"angle":-22.5,"axis":"x"}},{"from":[9.614398,13.120464,0.9165654],"to":[13.614398,17.120464,8.916565],"faces":{"east":{"uv":[9.25,11.0,9.5,11.5],"tintindex":0,"rotation":270,"texture":"#0"},"south":{"uv":[6.625,4.6875,6.375,4.4375],"tintindex":0,"rotation":0,"texture":"#0"},"north":{"uv":[8.3125,1.4375,8.0625,1.6875],"tintindex":0,"rotation":180,"texture":"#0"},"west":{"uv":[9.75,11.0,10.0,11.5],"tintindex":0,"rotation":90,"texture":"#0"},"up":{"uv":[9.0,11.0,9.25,11.5],"tintindex":0,"rotation":180,"texture":"#0"},"down":{"uv":[9.5,11.0,9.75,11.5],"tintindex":0,"rotation":0,"texture":"#0"}},"rotation":{"origin":[11.614398,12.120464,4.9165654],"angle":22.5,"axis":"x"}},{"from":[6.8104973,9.645596,-0.6677265],"to":[11.810497,13.645596,4.332273],"faces":{"east":{"uv":[7.5625,11.25,7.8125,11.5625],"tintindex":0,"rotation":270,"texture":"#0"},"south":{"uv":[11.5625,8.1875,11.25,7.9375],"tintindex":0,"rotation":0,"texture":"#0"},"north":{"uv":[0.625,11.3125,0.3125,11.5625],"tintindex":0,"rotation":180,"texture":"#0"},"west":{"uv":[7.8125,11.25,8.0625,11.5625],"tintindex":0,"rotation":90,"texture":"#0"},"up":{"uv":[1.0625,11.125,1.375,11.4375],"tintindex":0,"rotation":180,"texture":"#0"},"down":{"uv":[1.375,11.125,1.6875,11.4375],"tintindex":0,"rotation":0,"texture":"#0"}},"rotation":{"origin":[8.810497,11.645596,3.832273],"angle":22.5,"axis":"y"}},{"from":[1.614398,1.1463585,8.264045],"to":[3.614398,14.1463585,14.264045],"faces":{"east":{"uv":[9.625,3.4375,10.4375,3.8125],"tintindex":0,"rotation":270,"texture":"#0"},"south":{"uv":[11.1875,9.125,11.0625,8.3125],"tintindex":0,"rotation":0,"texture":"#0"},"north":{"uv":[10.125,11.0625,10.0,11.875],"tintindex":0,"rotation":180,"texture":"#0"},"west":{"uv":[9.6875,3.8125,10.5,4.1875],"tintindex":0,"rotation":90,"texture":"#0"},"up":{"uv":[3.5625,8.0,3.6875,8.375],"tintindex":0,"rotation":180,"texture":"#0"},"down":{"uv":[8.4375,7.75,8.5625,8.125],"tintindex":0,"rotation":0,"texture":"#0"}}},{"from":[8.644748,5.4211273,-0.44830227],"to":[13.644748,9.421127,4.5516977],"faces":{"east":{"uv":[7.5625,11.25,7.8125,11.5625],"tintindex":0,"rotation":270,"texture":"#0"},"south":{"uv":[11.5625,8.1875,11.25,7.9375],"tintindex":0,"rotation":0,"texture":"#0"},"north":{"uv":[0.625,11.3125,0.3125,11.5625],"tintindex":0,"rotation":180,"texture":"#0"},"west":{"uv":[7.8125,11.25,8.0625,11.5625],"tintindex":0,"rotation":90,"texture":"#0"},"up":{"uv":[1.0625,11.125,1.375,11.4375],"tintindex":0,"rotation":180,"texture":"#0"},"down":{"uv":[1.375,11.125,1.6875,11.4375],"tintindex":0,"rotation":0,"texture":"#0"}}}],"display":{"gui":{"rotation":[30,225,0]}}}