{"textures":{"0":"modelengine:entity/pohaku3_energized"},"elements":[{"from":[-7.166664,2.5,-0.1903553],"to":[8.833332,18.5,15.809644],"faces":{"east":{"uv":[9.1875,4.125,8.6875,4.625],"tintindex":0,"rotation":0,"texture":"#0"},"south":{"uv":[9.1875,3.625,8.6875,4.125],"tintindex":0,"rotation":0,"texture":"#0"},"north":{"uv":[9.15625,7.53125,8.65625,8.03125],"tintindex":0,"rotation":0,"texture":"#0"},"west":{"uv":[9.15625,8.59375,8.65625,9.09375],"tintindex":0,"rotation":0,"texture":"#0"},"up":{"uv":[0.875,9.21875,1.375,8.71875],"tintindex":0,"rotation":0,"texture":"#0"},"down":{"uv":[8.71875,1.3125,9.21875,1.8125],"tintindex":0,"rotation":0,"texture":"#0"}},"rotation":{"origin":[0.83333206,10.5,7.8096447],"angle":45.0,"axis":"x"}},{"from":[1.6871262,-0.0010442734,-12.876648],"to":[10.687126,-0.0010442734,-7.876647],"faces":{"up":{"uv":[1.96875,3.84375,2.25,4.0],"tintindex":0,"rotation":0,"texture":"#0"},"down":{"uv":[2.25,3.84375,1.96875,4.0],"tintindex":0,"rotation":180,"texture":"#0"}},"rotation":{"origin":[0.18712616,0.14612198,-10.234667],"angle":45.0,"axis":"z"}},{"from":[-4.166664,-4.5,-7.876647],"to":[19.833332,10.5,23.123352],"faces":{"east":{"uv":[7.4375,4.21875,6.46875,4.6875],"tintindex":0,"rotation":0,"texture":"#0"},"south":{"uv":[8.6875,3.625,7.9375,4.09375],"tintindex":0,"rotation":0,"texture":"#0"},"north":{"uv":[8.65625,7.6875,7.90625,8.15625],"tintindex":0,"rotation":0,"texture":"#0"},"west":{"uv":[7.4375,3.75,6.46875,4.21875],"tintindex":0,"rotation":0,"texture":"#0"},"up":{"uv":[4.1875,4.0625,4.9375,3.09375],"tintindex":0,"rotation":0,"texture":"#0"},"down":{"uv":[4.1875,2.125,4.9375,3.09375],"tintindex":0,"rotation":0,"texture":"#0"}}},{"from":[8.833332,2.5,4.8096447],"to":[21.833332,12.5,14.809644],"faces":{"east":{"uv":[10.03125,6.78125,9.71875,7.09375],"tintindex":0,"rotation":0,"texture":"#0"},"south":{"uv":[10.03125,1.0,9.625,1.3125],"tintindex":0,"rotation":0,"texture":"#0"},"north":{"uv":[10.0,5.9375,9.59375,6.25],"tintindex":0,"rotation":0,"texture":"#0"},"west":{"uv":[10.03125,2.5625,9.71875,2.875],"tintindex":0,"rotation":0,"texture":"#0"},"up":{"uv":[9.625,1.625,10.03125,1.3125],"tintindex":0,"rotation":0,"texture":"#0"},"down":{"uv":[9.625,1.625,10.03125,1.9375],"tintindex":0,"rotation":0,"texture":"#0"}},"rotation":{"origin":[0.83333206,10.5,12.809644],"angle":45.0,"axis":"x"}}],"display":{"gui":{"rotation":[30,225,0]}}}