{"textures":{"0":"modelengine:entity/pohaku3_energized"},"elements":[{"from":[-3.833332,-4.5,-7.876647],"to":[20.166664,10.5,23.123352],"faces":{"east":{"uv":[6.46875,4.6875,7.4375,5.15625],"tintindex":0,"rotation":0,"texture":"#0"},"south":{"uv":[7.9375,4.5625,8.6875,5.03125],"tintindex":0,"rotation":0,"texture":"#0"},"north":{"uv":[7.9375,4.09375,8.6875,4.5625],"tintindex":0,"rotation":0,"texture":"#0"},"west":{"uv":[6.46875,5.15625,7.4375,5.625],"tintindex":0,"rotation":0,"texture":"#0"},"up":{"uv":[1.5,5.875,0.75,4.90625],"tintindex":0,"rotation":0,"texture":"#0"},"down":{"uv":[4.9375,2.125,4.1875,3.09375],"tintindex":0,"rotation":0,"texture":"#0"}}},{"from":[7.166668,2.5,-0.1903553],"to":[23.166664,18.5,15.809644],"faces":{"east":{"uv":[8.71875,2.3125,9.21875,2.8125],"tintindex":0,"rotation":0,"texture":"#0"},"south":{"uv":[5.5625,8.71875,6.0625,9.21875],"tintindex":0,"rotation":0,"texture":"#0"},"north":{"uv":[8.71875,1.8125,9.21875,2.3125],"tintindex":0,"rotation":0,"texture":"#0"},"west":{"uv":[6.8125,8.71875,7.3125,9.21875],"tintindex":0,"rotation":0,"texture":"#0"},"up":{"uv":[9.28125,5.125,8.78125,4.625],"tintindex":0,"rotation":0,"texture":"#0"},"down":{"uv":[9.28125,5.125,8.78125,5.625],"tintindex":0,"rotation":0,"texture":"#0"}},"rotation":{"origin":[15.166668,10.5,7.8096447],"angle":45.0,"axis":"x"}},{"from":[-5.833332,2.5,4.8096447],"to":[7.166668,12.5,14.809644],"faces":{"east":{"uv":[9.71875,7.09375,10.03125,7.40625],"tintindex":0,"rotation":0,"texture":"#0"},"south":{"uv":[9.625,2.25,10.03125,2.5625],"tintindex":0,"rotation":0,"texture":"#0"},"north":{"uv":[9.625,1.9375,10.03125,2.25],"tintindex":0,"rotation":0,"texture":"#0"},"west":{"uv":[9.71875,7.40625,10.03125,7.71875],"tintindex":0,"rotation":0,"texture":"#0"},"up":{"uv":[3.625,9.9375,3.21875,9.625],"tintindex":0,"rotation":0,"texture":"#0"},"down":{"uv":[8.9375,9.625,8.53125,9.9375],"tintindex":0,"rotation":0,"texture":"#0"}},"rotation":{"origin":[15.166668,10.5,12.809644],"angle":45.0,"axis":"x"}}],"display":{"gui":{"rotation":[30,225,0]}}}