{"textures":{"0":"modelengine:entity/pohaku3_energized"},"elements":[{"from":[5.312874,-0.0010442734,-12.876648],"to":[14.312874,-0.0010442734,-7.876647],"faces":{"up":{"uv":[2.25,3.84375,1.96875,4.0],"tintindex":0,"rotation":0,"texture":"#0"},"down":{"uv":[1.96875,3.84375,2.25,4.0],"tintindex":0,"rotation":180,"texture":"#0"}},"rotation":{"origin":[15.812874,0.14612198,-10.234667],"angle":-45.0,"axis":"z"}},{"from":[-5.833332,2.5,4.8096447],"to":[7.166668,12.5,14.809644],"faces":{"east":{"uv":[9.71875,2.5625,10.03125,2.875],"tintindex":0,"rotation":0,"texture":"#0"},"south":{"uv":[9.625,1.0,10.03125,1.3125],"tintindex":0,"rotation":0,"texture":"#0"},"north":{"uv":[9.59375,5.9375,10.0,6.25],"tintindex":0,"rotation":0,"texture":"#0"},"west":{"uv":[9.71875,6.78125,10.03125,7.09375],"tintindex":0,"rotation":0,"texture":"#0"},"up":{"uv":[10.03125,1.625,9.625,1.3125],"tintindex":0,"rotation":0,"texture":"#0"},"down":{"uv":[10.03125,1.625,9.625,1.9375],"tintindex":0,"rotation":0,"texture":"#0"}},"rotation":{"origin":[15.166668,10.5,12.809644],"angle":45.0,"axis":"x"}},{"from":[7.166668,2.5,-0.1903553],"to":[23.166664,18.5,15.809644],"faces":{"east":{"uv":[8.65625,8.59375,9.15625,9.09375],"tintindex":0,"rotation":0,"texture":"#0"},"south":{"uv":[8.6875,3.625,9.1875,4.125],"tintindex":0,"rotation":0,"texture":"#0"},"north":{"uv":[8.65625,7.53125,9.15625,8.03125],"tintindex":0,"rotation":0,"texture":"#0"},"west":{"uv":[8.6875,4.125,9.1875,4.625],"tintindex":0,"rotation":0,"texture":"#0"},"up":{"uv":[1.375,9.21875,0.875,8.71875],"tintindex":0,"rotation":0,"texture":"#0"},"down":{"uv":[9.21875,1.3125,8.71875,1.8125],"tintindex":0,"rotation":0,"texture":"#0"}},"rotation":{"origin":[15.166668,10.5,7.8096447],"angle":45.0,"axis":"x"}},{"from":[-3.833332,-4.5,-7.876647],"to":[20.166664,10.5,23.123352],"faces":{"east":{"uv":[6.46875,3.75,7.4375,4.21875],"tintindex":0,"rotation":0,"texture":"#0"},"south":{"uv":[7.9375,3.625,8.6875,4.09375],"tintindex":0,"rotation":0,"texture":"#0"},"north":{"uv":[7.90625,7.6875,8.65625,8.15625],"tintindex":0,"rotation":0,"texture":"#0"},"west":{"uv":[6.46875,4.21875,7.4375,4.6875],"tintindex":0,"rotation":0,"texture":"#0"},"up":{"uv":[4.9375,4.0625,4.1875,3.09375],"tintindex":0,"rotation":0,"texture":"#0"},"down":{"uv":[4.9375,2.125,4.1875,3.09375],"tintindex":0,"rotation":0,"texture":"#0"}}}],"display":{"gui":{"rotation":[30,225,0]}}}