{"textures":{"0":"modelengine:entity/pohaku3_energized"},"elements":[{"from":[-5.933402,-0.33333302,0.833333],"to":[3.0665984,15.666666,10.833334],"faces":{"east":{"uv":[6.3125,9.3125,6.625,9.8125],"tintindex":0,"rotation":0,"texture":"#0"},"south":{"uv":[9.4375,6.90625,9.71875,7.40625],"tintindex":0,"rotation":0,"texture":"#0"},"north":{"uv":[9.4375,2.5625,9.71875,3.0625],"tintindex":0,"rotation":0,"texture":"#0"},"west":{"uv":[8.21875,9.3125,8.53125,9.8125],"tintindex":0,"rotation":0,"texture":"#0"},"up":{"uv":[6.34375,8.03125,6.0625,7.71875],"tintindex":0,"rotation":0,"texture":"#0"},"down":{"uv":[9.1875,3.25,8.90625,3.5625],"tintindex":0,"rotation":0,"texture":"#0"}}},{"from":[-3.7832994,1.6666665,5.833333],"to":[19.216702,15.666666,18.833332],"faces":{"east":{"uv":[0.84375,9.21875,1.25,9.65625],"tintindex":0,"rotation":0,"texture":"#0"},"south":{"uv":[8.0625,5.46875,8.78125,5.90625],"tintindex":0,"rotation":0,"texture":"#0"},"north":{"uv":[8.0625,5.03125,8.78125,5.46875],"tintindex":0,"rotation":0,"texture":"#0"},"west":{"uv":[9.21875,1.25,9.625,1.6875],"tintindex":0,"rotation":0,"texture":"#0"},"up":{"uv":[8.90625,3.21875,8.1875,2.8125],"tintindex":0,"rotation":0,"texture":"#0"},"down":{"uv":[8.90625,3.21875,8.1875,3.625],"tintindex":0,"rotation":0,"texture":"#0"}}},{"from":[13.2167015,-0.33333302,0.833333],"to":[22.216702,15.666666,10.833334],"faces":{"east":{"uv":[9.34375,0.0,9.65625,0.5],"tintindex":0,"rotation":0,"texture":"#0"},"south":{"uv":[9.46875,3.0625,9.75,3.5625],"tintindex":0,"rotation":0,"texture":"#0"},"north":{"uv":[9.4375,7.40625,9.71875,7.90625],"tintindex":0,"rotation":0,"texture":"#0"},"west":{"uv":[9.34375,0.5,9.65625,1.0],"tintindex":0,"rotation":0,"texture":"#0"},"up":{"uv":[9.4375,8.0,9.15625,7.6875],"tintindex":0,"rotation":0,"texture":"#0"},"down":{"uv":[10.03125,2.875,9.75,3.1875],"tintindex":0,"rotation":0,"texture":"#0"}}},{"from":[-5.933402,15.666666,0.833333],"to":[3.0665984,20.666668,0.833333],"faces":{"south":{"uv":[0.0,3.84375,0.28125,4.0],"tintindex":0,"rotation":0,"texture":"#0"},"north":{"uv":[0.28125,3.84375,0.0,4.0],"tintindex":0,"rotation":0,"texture":"#0"}}}]}