{"textures":{"0":"modelengine:entity/pohaku3_energized"},"elements":[{"from":[13.2167015,17.825642,4.31277],"to":[22.216702,22.825642,4.31277],"faces":{"south":{"uv":[0.5,3.84375,0.78125,4.0],"tintindex":0,"rotation":0,"texture":"#0"},"north":{"uv":[0.78125,3.84375,0.5,4.0],"tintindex":0,"rotation":0,"texture":"#0"}}},{"from":[-5.933402,-5.015236,11.704179],"to":[3.0665984,10.984764,21.704178],"faces":{"east":{"uv":[9.34375,9.0,9.65625,9.5],"tintindex":0,"rotation":0,"texture":"#0"},"south":{"uv":[9.5,8.40625,9.78125,8.90625],"tintindex":0,"rotation":0,"texture":"#0"},"north":{"uv":[9.46875,7.90625,9.75,8.40625],"tintindex":0,"rotation":0,"texture":"#0"},"west":{"uv":[1.25,9.375,1.5625,9.875],"tintindex":0,"rotation":0,"texture":"#0"},"up":{"uv":[10.03125,3.5,9.75,3.1875],"tintindex":0,"rotation":0,"texture":"#0"},"down":{"uv":[6.03125,9.75,5.75,10.0625],"tintindex":0,"rotation":0,"texture":"#0"}},"rotation":{"origin":[10.066598,32.984764,25.20418],"angle":22.5,"axis":"x"}},{"from":[13.2167015,-5.015236,11.704179],"to":[22.216702,10.984764,21.704178],"faces":{"east":{"uv":[7.59375,9.375,7.90625,9.875],"tintindex":0,"rotation":0,"texture":"#0"},"south":{"uv":[9.53125,3.5625,9.8125,4.0625],"tintindex":0,"rotation":0,"texture":"#0"},"north":{"uv":[9.34375,9.5,9.625,10.0],"tintindex":0,"rotation":0,"texture":"#0"},"west":{"uv":[7.90625,9.375,8.21875,9.875],"tintindex":0,"rotation":0,"texture":"#0"},"up":{"uv":[6.3125,10.0625,6.03125,9.75],"tintindex":0,"rotation":0,"texture":"#0"},"down":{"uv":[7.375,9.75,7.09375,10.0625],"tintindex":0,"rotation":0,"texture":"#0"}},"rotation":{"origin":[6.216701,32.984764,25.20418],"angle":22.5,"axis":"x"}},{"from":[-3.7832994,-3.015236,16.704178],"to":[19.216702,10.984764,29.70418],"faces":{"east":{"uv":[9.21875,1.6875,9.625,2.125],"tintindex":0,"rotation":0,"texture":"#0"},"south":{"uv":[8.09375,0.875,8.8125,1.3125],"tintindex":0,"rotation":0,"texture":"#0"},"north":{"uv":[8.09375,0.4375,8.8125,0.875],"tintindex":0,"rotation":0,"texture":"#0"},"west":{"uv":[9.21875,2.125,9.625,2.5625],"tintindex":0,"rotation":0,"texture":"#0"},"up":{"uv":[2.71875,8.625,2.0,8.21875],"tintindex":0,"rotation":0,"texture":"#0"},"down":{"uv":[1.09375,8.25,0.375,8.65625],"tintindex":0,"rotation":0,"texture":"#0"}},"rotation":{"origin":[6.216701,32.984764,25.20418],"angle":22.5,"axis":"x"}}],"display":{"gui":{"rotation":[30,225,0]}}}