{"textures":{"0":"modelengine:entity/modelfoundry_mutant_zombie_speed"},"elements":[{"from":[3.0,5.0,3.5],"to":[13.0,14.0,12.5],"faces":{"east":{"uv":[12.444445,7.4444447,13.444445,8.444445],"tintindex":0,"rotation":0,"texture":"#0"},"south":{"uv":[1.3333334,12.444445,2.4444444,13.444445],"tintindex":0,"rotation":0,"texture":"#0"},"north":{"uv":[7.3333335,12.333333,8.444445,13.333333],"tintindex":0,"rotation":0,"texture":"#0"},"west":{"uv":[12.777778,8.444445,13.777778,9.444445],"tintindex":0,"rotation":0,"texture":"#0"},"up":{"uv":[6.4444447,13.444445,5.3333335,12.444445],"tintindex":0,"rotation":0,"texture":"#0"},"down":{"uv":[13.555555,6.4444447,12.444445,7.4444447],"tintindex":0,"rotation":0,"texture":"#0"}}}]}