{"textures":{"0":"modelengine:entity/modelfoundry_mutant_zombie_speed"},"elements":[{"from":[-8.0,8.0,-8.0],"to":[24.0,8.0,24.0],"faces":{"up":{"uv":[3.5555556,3.5555556,0.0,0.0],"tintindex":0,"rotation":0,"texture":"#0"},"down":{"uv":[3.5555556,3.5555556,0.0,7.111111],"tintindex":0,"rotation":0,"texture":"#0"}}},{"from":[-2.0,6.0,-2.0],"to":[18.0,6.0,18.0],"faces":{"up":{"uv":[5.7777777,4.4444447,3.5555556,2.2222223],"tintindex":0,"rotation":0,"texture":"#0"}}},{"from":[-2.0,10.0,-2.0],"to":[18.0,10.0,18.0],"faces":{"up":{"uv":[5.7777777,2.2222223,3.5555556,0.0],"tintindex":0,"rotation":0,"texture":"#0"},"down":{"uv":[5.7777777,0.0,3.5555556,2.2222223],"tintindex":0,"rotation":0,"texture":"#0"}}}],"display":{"gui":{"rotation":[30,225,0]}}}