{"textures":{"0":"modelengine:entity/modelfoundry_mutant_zombie_speed"},"elements":[{"from":[6.0,8.110752,15.134924],"to":[10.0,12.110752,31.134926],"faces":{"east":{"uv":[13.0,1.7777778,14.777778,2.2222223],"tintindex":0,"rotation":0,"texture":"#0"},"south":{"uv":[5.555556,14.111112,6.0,14.555555],"tintindex":0,"rotation":0,"texture":"#0"},"north":{"uv":[1.7777778,14.111112,2.2222223,14.555555],"tintindex":0,"rotation":0,"texture":"#0"},"west":{"uv":[13.0,2.2222223,14.777778,2.6666667],"tintindex":0,"rotation":0,"texture":"#0"},"up":{"uv":[0.44444445,14.888889,0.0,13.111112],"tintindex":0,"rotation":0,"texture":"#0"},"down":{"uv":[0.8888889,13.111112,0.44444445,14.888889],"tintindex":0,"rotation":0,"texture":"#0"}}},{"from":[6.0,11.110752,16.134924],"to":[10.0,24.110756,20.134924],"faces":{"east":{"uv":[5.3333335,10.888889,5.7777777,12.333333],"tintindex":0,"rotation":0,"texture":"#0"},"south":{"uv":[13.666667,10.111112,14.111112,11.555555],"tintindex":0,"rotation":0,"texture":"#0"},"north":{"uv":[1.3333334,10.777778,1.7777778,12.222222],"tintindex":0,"rotation":0,"texture":"#0"},"west":{"uv":[13.666667,11.555555,14.111112,13.0],"tintindex":0,"rotation":0,"texture":"#0"},"up":{"uv":[11.444445,5.4444447,11.0,5.0],"tintindex":0,"rotation":0,"texture":"#0"},"down":{"uv":[1.7777778,14.111112,1.3333334,14.555555],"tintindex":0,"rotation":0,"texture":"#0"}},"rotation":{"origin":[10.75,17.310753,19.034924],"angle":45.0,"axis":"x"}},{"from":[-3.0,5.310753,-0.9650755],"to":[19.0,21.310753,13.0349245],"faces":{"east":{"uv":[7.2222223,3.3333333,8.777778,5.111111],"tintindex":0,"rotation":0,"texture":"#0"},"south":{"uv":[5.7777777,0.0,8.222222,1.7777778],"tintindex":0,"rotation":0,"texture":"#0"},"north":{"uv":[3.5555556,4.4444447,6.0,6.2222223],"tintindex":0,"rotation":0,"texture":"#0"},"west":{"uv":[7.2222223,5.111111,8.777778,6.888889],"tintindex":0,"rotation":0,"texture":"#0"},"up":{"uv":[2.4444444,8.666667,0.0,7.111111],"tintindex":0,"rotation":0,"texture":"#0"},"down":{"uv":[9.666667,1.7777778,7.2222223,3.3333333],"tintindex":0,"rotation":0,"texture":"#0"}},"rotation":{"origin":[9.0,16.310753,6.5349245],"angle":-22.5,"axis":"x"}},{"from":[6.0,15.110752,10.134924],"to":[10.0,25.110756,14.134924],"faces":{"east":{"uv":[13.666667,13.0,14.111112,14.111112],"tintindex":0,"rotation":0,"texture":"#0"},"south":{"uv":[13.111112,13.666667,13.555555,14.777778],"tintindex":0,"rotation":0,"texture":"#0"},"north":{"uv":[11.444445,9.888889,11.888889,11.0],"tintindex":0,"rotation":0,"texture":"#0"},"west":{"uv":[2.8888888,13.777778,3.3333333,14.888889],"tintindex":0,"rotation":0,"texture":"#0"},"up":{"uv":[2.2222223,9.111112,1.7777778,8.666667],"tintindex":0,"rotation":0,"texture":"#0"},"down":{"uv":[11.444445,4.555556,11.0,5.0],"tintindex":0,"rotation":0,"texture":"#0"}},"rotation":{"origin":[10.75,17.310753,19.034924],"angle":22.5,"axis":"x"}}]}