{"textures":{"0":"modelengine:entity/modelfoundry_mutant_zombie_speed"},"elements":[{"from":[2.35,1.0999985,-4.0],"to":[2.35,3.0999985,8.0],"faces":{"east":{"uv":[8.222222,1.4444444,9.555555,1.6666666],"tintindex":0,"rotation":0,"texture":"#0"},"west":{"uv":[13.555555,6.888889,14.888889,7.111111],"tintindex":0,"rotation":0,"texture":"#0"}}},{"from":[2.0,1.0999985,-3.8500004],"to":[14.0,3.0999985,-3.8500004],"faces":{"south":{"uv":[7.3333335,13.888889,8.666667,14.111112],"tintindex":0,"rotation":0,"texture":"#0"},"north":{"uv":[13.555555,7.111111,14.888889,7.3333335],"tintindex":0,"rotation":0,"texture":"#0"}}},{"from":[2.0,3.0,-4.0],"to":[14.0,13.0,8.0],"faces":{"east":{"uv":[11.0,3.4444444,12.333333,4.555556],"tintindex":0,"rotation":0,"texture":"#0"},"south":{"uv":[10.777778,11.111112,12.111112,12.222222],"tintindex":0,"rotation":0,"texture":"#0"},"north":{"uv":[11.0,2.3333333,12.333333,3.4444444],"tintindex":0,"rotation":0,"texture":"#0"},"west":{"uv":[11.444445,8.777778,12.777778,9.888889],"tintindex":0,"rotation":0,"texture":"#0"},"up":{"uv":[3.1111112,10.555555,1.7777778,9.222222],"tintindex":0,"rotation":0,"texture":"#0"},"down":{"uv":[4.4444447,9.555555,3.1111112,10.888889],"tintindex":0,"rotation":0,"texture":"#0"}}},{"from":[13.65,1.0999985,-4.0],"to":[13.65,3.0999985,8.0],"faces":{"east":{"uv":[4.2222223,14.0,5.555556,14.222222],"tintindex":0,"rotation":0,"texture":"#0"},"west":{"uv":[14.0,9.333333,15.333333,9.555555],"tintindex":0,"rotation":0,"texture":"#0"}}}],"display":{"gui":{"rotation":[30,225,0]}}}