{"textures":{"0":"modelengine:entity/modelfoundry_mutant_zombie_speed"},"elements":[{"from":[6.5,-1.916666,6.75],"to":[9.5,8.583334,9.75],"faces":{"east":{"uv":[0.6666667,10.777778,1.3333334,13.111112],"tintindex":0,"rotation":0,"texture":"#0"},"south":{"uv":[10.777778,8.777778,11.444445,11.111112],"tintindex":0,"rotation":0,"texture":"#0"},"north":{"uv":[0.0,10.777778,0.6666667,13.111112],"tintindex":0,"rotation":0,"texture":"#0"},"west":{"uv":[2.6666667,10.888889,3.3333333,13.222222],"tintindex":0,"rotation":0,"texture":"#0"},"up":{"uv":[14.444445,5.555556,13.777778,4.888889],"tintindex":0,"rotation":0,"texture":"#0"},"down":{"uv":[14.444445,5.555556,13.777778,6.2222223],"tintindex":0,"rotation":0,"texture":"#0"}}},{"from":[8.0,-15.916666,6.25],"to":[8.0,-0.91666603,11.75],"faces":{"east":{"uv":[6.0,1.7777778,7.2222223,5.111111],"tintindex":0,"rotation":0,"texture":"#0"},"west":{"uv":[6.0,5.111111,7.2222223,8.444445],"tintindex":0,"rotation":0,"texture":"#0"}}},{"from":[7.5,-4.416666,6.25],"to":[8.5,4.083334,9.25],"faces":{"east":{"uv":[12.333333,1.888889,13.0,3.777778],"tintindex":0,"rotation":0,"texture":"#0"},"south":{"uv":[10.444445,13.777778,10.666667,15.666667],"tintindex":0,"rotation":0,"texture":"#0"},"north":{"uv":[10.222222,13.777778,10.444445,15.666667],"tintindex":0,"rotation":0,"texture":"#0"},"west":{"uv":[6.6666665,12.333333,7.3333335,14.222222],"tintindex":0,"rotation":0,"texture":"#0"},"up":{"uv":[12.111112,10.555555,11.888889,9.888889],"tintindex":0,"rotation":0,"texture":"#0"},"down":{"uv":[8.666667,12.333333,8.444445,13.0],"tintindex":0,"rotation":0,"texture":"#0"}}},{"from":[7.5,-11.916666,6.75],"to":[8.5,-4.416666,8.25],"faces":{"east":{"uv":[13.111112,13.666667,12.777778,15.333333],"tintindex":0,"rotation":0,"texture":"#0"},"south":{"uv":[13.888889,0.0,14.111112,1.6666666],"tintindex":0,"rotation":0,"texture":"#0"},"north":{"uv":[6.6666665,10.555555,6.888889,12.222222],"tintindex":0,"rotation":0,"texture":"#0"},"west":{"uv":[12.777778,13.666667,13.111112,15.333333],"tintindex":0,"rotation":0,"texture":"#0"},"up":{"uv":[2.4444444,9.0,2.2222223,8.666667],"tintindex":0,"rotation":0,"texture":"#0"},"down":{"uv":[3.5555556,9.0,3.3333333,9.333333],"tintindex":0,"rotation":0,"texture":"#0"}}}],"display":{"gui":{"rotation":[30,225,0]}}}