{"textures":{"0":"modelengine:entity/modelfoundry_mutant_zombie_speed"},"elements":[{"from":[1.0,-7.5,4.0],"to":[9.0,11.5,12.0],"faces":{"east":{"uv":[7.2222223,8.333333,8.111112,10.444445],"tintindex":0,"rotation":0,"texture":"#0"},"south":{"uv":[8.111112,8.333333,9.0,10.444445],"tintindex":0,"rotation":0,"texture":"#0"},"north":{"uv":[2.4444444,7.111111,3.3333333,9.222222],"tintindex":0,"rotation":0,"texture":"#0"},"west":{"uv":[6.0,8.444445,6.888889,10.555555],"tintindex":0,"rotation":0,"texture":"#0"},"up":{"uv":[13.666667,11.0,12.777778,10.111112],"tintindex":0,"rotation":0,"texture":"#0"},"down":{"uv":[13.666667,11.0,12.777778,11.888889],"tintindex":0,"rotation":0,"texture":"#0"}}}]}