{"textures":{"0":"modelengine:entity/modelfoundry_mutant_zombie_speed"},"elements":[{"from":[2.0,-6.5,4.0],"to":[10.0,10.5,12.0],"faces":{"east":{"uv":[9.0,9.777778,9.888889,11.666667],"tintindex":0,"rotation":0,"texture":"#0"},"south":{"uv":[9.888889,9.777778,10.777778,11.666667],"tintindex":0,"rotation":0,"texture":"#0"},"north":{"uv":[9.777778,5.4444447,10.666667,7.3333335],"tintindex":0,"rotation":0,"texture":"#0"},"west":{"uv":[6.888889,10.444445,7.7777777,12.333333],"tintindex":0,"rotation":0,"texture":"#0"},"up":{"uv":[13.666667,12.777778,12.777778,11.888889],"tintindex":0,"rotation":0,"texture":"#0"},"down":{"uv":[13.666667,12.777778,12.777778,13.666667],"tintindex":0,"rotation":0,"texture":"#0"}}}],"display":{"gui":{"rotation":[30,225,0]}}}