{"textures":{"0":"modelengine:entity/modelfoundry_mutant_zombie_speed"},"elements":[{"from":[5.0,-10.0,5.0],"to":[11.0,9.0,11.0],"faces":{"east":{"uv":[11.666667,0.0,12.333333,2.1111112],"tintindex":0,"rotation":0,"texture":"#0"},"south":{"uv":[8.666667,11.666667,9.333333,13.777778],"tintindex":0,"rotation":0,"texture":"#0"},"north":{"uv":[11.555555,4.555556,12.222222,6.6666665],"tintindex":0,"rotation":0,"texture":"#0"},"west":{"uv":[9.333333,11.666667,10.0,13.777778],"tintindex":0,"rotation":0,"texture":"#0"},"up":{"uv":[4.0,14.444445,3.3333333,13.777778],"tintindex":0,"rotation":0,"texture":"#0"},"down":{"uv":[14.444445,4.2222223,13.777778,4.888889],"tintindex":0,"rotation":0,"texture":"#0"}}}]}