{"textures":{"0":"modelengine:entity/modelfoundry_mutant_zombie_speed"},"elements":[{"from":[7.0,-7.5,4.0],"to":[15.0,11.5,12.0],"faces":{"east":{"uv":[0.8888889,8.666667,1.7777778,10.777778],"tintindex":0,"rotation":0,"texture":"#0"},"south":{"uv":[8.777778,3.3333333,9.666667,5.4444447],"tintindex":0,"rotation":0,"texture":"#0"},"north":{"uv":[0.0,8.666667,0.8888889,10.777778],"tintindex":0,"rotation":0,"texture":"#0"},"west":{"uv":[8.888889,5.4444447,9.777778,7.555556],"tintindex":0,"rotation":0,"texture":"#0"},"up":{"uv":[13.888889,0.8888889,13.0,0.0],"tintindex":0,"rotation":0,"texture":"#0"},"down":{"uv":[13.888889,0.8888889,13.0,1.7777778],"tintindex":0,"rotation":0,"texture":"#0"}}}],"display":{"gui":{"rotation":[30,225,0]}}}