{"textures":{"0":"modelengine:entity/modelfoundry_mutant_zombie_speed"},"elements":[{"from":[6.0,-6.5,4.0],"to":[14.0,10.5,12.0],"faces":{"east":{"uv":[1.7777778,10.555555,2.6666667,12.444445],"tintindex":0,"rotation":0,"texture":"#0"},"south":{"uv":[5.7777777,10.555555,6.6666665,12.444445],"tintindex":0,"rotation":0,"texture":"#0"},"north":{"uv":[7.7777777,10.444445,8.666667,12.333333],"tintindex":0,"rotation":0,"texture":"#0"},"west":{"uv":[10.666667,5.4444447,11.555555,7.3333335],"tintindex":0,"rotation":0,"texture":"#0"},"up":{"uv":[13.777778,5.3333335,12.888889,4.4444447],"tintindex":0,"rotation":0,"texture":"#0"},"down":{"uv":[13.777778,5.3333335,12.888889,6.2222223],"tintindex":0,"rotation":0,"texture":"#0"}}}]}