{"textures":{"0":"modelengine:entity/modelfoundry_mutant_zombie_speed"},"elements":[{"from":[5.0,-10.0,5.0],"to":[11.0,9.0,11.0],"faces":{"east":{"uv":[11.777778,6.6666665,12.444445,8.777778],"tintindex":0,"rotation":0,"texture":"#0"},"south":{"uv":[12.111112,9.888889,12.777778,12.0],"tintindex":0,"rotation":0,"texture":"#0"},"north":{"uv":[10.0,11.666667,10.666667,13.777778],"tintindex":0,"rotation":0,"texture":"#0"},"west":{"uv":[12.111112,12.0,12.777778,14.111112],"tintindex":0,"rotation":0,"texture":"#0"},"up":{"uv":[14.444445,8.666667,13.777778,8.0],"tintindex":0,"rotation":0,"texture":"#0"},"down":{"uv":[9.333333,13.777778,8.666667,14.444445],"tintindex":0,"rotation":0,"texture":"#0"}}}],"display":{"gui":{"rotation":[30,225,0]}}}