{"textures":{"0":"modelengine:entity/modelfoundry_mutant_zombie_speed"},"elements":[{"from":[0.5,8.0,3.5],"to":[15.5,21.0,13.5],"faces":{"east":{"uv":[9.888889,0.0,11.0,1.4444444],"tintindex":0,"rotation":0,"texture":"#0"},"south":{"uv":[8.222222,0.0,9.888889,1.4444444],"tintindex":0,"rotation":0,"texture":"#0"},"north":{"uv":[7.2222223,6.888889,8.888889,8.333333],"tintindex":0,"rotation":0,"texture":"#0"},"west":{"uv":[10.666667,7.3333335,11.777778,8.777778],"tintindex":0,"rotation":0,"texture":"#0"},"up":{"uv":[10.666667,8.666667,9.0,7.555556],"tintindex":0,"rotation":0,"texture":"#0"},"down":{"uv":[10.666667,8.666667,9.0,9.777778],"tintindex":0,"rotation":0,"texture":"#0"}}},{"from":[6.0,13.933544,15.663456],"to":[10.0,17.933544,31.663456],"faces":{"east":{"uv":[13.0,2.6666667,14.777778,3.1111112],"tintindex":0,"rotation":0,"texture":"#0"},"south":{"uv":[7.3333335,14.111112,7.7777777,14.555555],"tintindex":0,"rotation":0,"texture":"#0"},"north":{"uv":[6.0,14.111112,6.4444447,14.555555],"tintindex":0,"rotation":0,"texture":"#0"},"west":{"uv":[13.0,3.1111112,14.777778,3.5555556],"tintindex":0,"rotation":0,"texture":"#0"},"up":{"uv":[1.3333334,14.888889,0.8888889,13.111112],"tintindex":0,"rotation":0,"texture":"#0"},"down":{"uv":[2.8888888,13.222222,2.4444444,15.0],"tintindex":0,"rotation":0,"texture":"#0"}},"rotation":{"origin":[8.0,20.933544,14.663456],"angle":45.0,"axis":"x"}}],"display":{"gui":{"rotation":[30,225,0]}}}