{"textures":{"0":"modelengine:entity/aurorafowl"},"elements":[{"from":[6.5,6.7378826,7.443179],"to":[6.5,14.737883,12.443178],"faces":{"east":{"uv":[10.875,5.25,10.25,6.25],"tintindex":0,"rotation":0,"texture":"#0"},"west":{"uv":[10.25,5.25,10.875,6.25],"tintindex":0,"rotation":0,"texture":"#0"}},"rotation":{"origin":[10.5,11.737883,6.943179],"angle":-45.0,"axis":"x"}},{"from":[9.5,6.7378826,7.443179],"to":[9.5,14.737883,12.443178],"faces":{"east":{"uv":[10.875,5.25,10.25,6.25],"tintindex":0,"rotation":0,"texture":"#0"},"west":{"uv":[10.25,5.25,10.875,6.25],"tintindex":0,"rotation":0,"texture":"#0"}},"rotation":{"origin":[5.5,11.737883,6.943179],"angle":-45.0,"axis":"x"}},{"from":[5.5,7.7378826,2.4431791],"to":[10.5,15.737883,7.443179],"faces":{"east":{"uv":[1.5,10.375,2.125,11.375],"tintindex":0,"rotation":0,"texture":"#0"},"south":{"uv":[10.375,2.125,11.0,3.125],"tintindex":0,"rotation":0,"texture":"#0"},"north":{"uv":[0.75,10.375,1.375,11.375],"tintindex":0,"rotation":0,"texture":"#0"},"west":{"uv":[7.5,10.5,8.125,11.5],"tintindex":0,"rotation":0,"texture":"#0"},"up":{"uv":[11.875,9.875,11.25,9.25],"tintindex":0,"rotation":0,"texture":"#0"},"down":{"uv":[11.875,10.0,11.25,10.625],"tintindex":0,"rotation":0,"texture":"#0"}},"rotation":{"origin":[8.0,11.737883,6.943179],"angle":-45.0,"axis":"x"}}]}