{"textures":{"0":"modelengine:entity/pohaku_ballista"},"elements":[{"from":[8.30385,5.267948,7.6846504],"to":[18.30385,10.26795,10.68465],"faces":{"east":{"uv":[10.25,12.375,9.875,13.0],"tintindex":0,"rotation":0,"texture":"#0"},"south":{"uv":[11.625,5.5,10.375,6.125],"tintindex":0,"rotation":0,"texture":"#0"},"north":{"uv":[11.625,8.875,10.375,9.5],"tintindex":0,"rotation":0,"texture":"#0"},"west":{"uv":[4.125,11.125,3.75,11.75],"tintindex":0,"rotation":0,"texture":"#0"},"up":{"uv":[5.875,6.5,5.5,7.75],"tintindex":0,"rotation":90,"texture":"#0"},"down":{"uv":[1.75,8.625,1.375,7.375],"tintindex":0,"rotation":270,"texture":"#0"}},"rotation":{"origin":[11.926926,8.0,6.860462],"angle":-22.5,"axis":"y"}},{"from":[13.831459,5.267948,13.926216],"to":[31.83146,10.26795,16.926216],"faces":{"east":{"uv":[8.75,12.5,8.375,13.125],"tintindex":0,"rotation":0,"texture":"#0"},"south":{"uv":[10.375,5.0,8.125,5.625],"tintindex":0,"rotation":0,"texture":"#0"},"north":{"uv":[10.375,5.625,8.125,6.25],"tintindex":0,"rotation":0,"texture":"#0"},"west":{"uv":[1.375,12.5,1.0,13.125],"tintindex":0,"rotation":0,"texture":"#0"},"up":{"uv":[3.75,9.625,3.375,11.875],"tintindex":0,"rotation":90,"texture":"#0"},"down":{"uv":[1.875,12.375,1.5,10.125],"tintindex":0,"rotation":270,"texture":"#0"}},"rotation":{"origin":[20.331459,7.767948,16.426216],"angle":-45.0,"axis":"y"}}],"display":{"gui":{"rotation":[30,225,0]}}}