{"textures":{"0":"modelengine:entity/pohaku_ballista"},"elements":[{"from":[-15.831461,5.267948,13.926216],"to":[2.168541,10.26795,16.926216],"faces":{"east":{"uv":[1.0,12.5,1.375,13.125],"tintindex":0,"rotation":0,"texture":"#0"},"south":{"uv":[8.125,5.0,10.375,5.625],"tintindex":0,"rotation":0,"texture":"#0"},"north":{"uv":[8.125,5.625,10.375,6.25],"tintindex":0,"rotation":0,"texture":"#0"},"west":{"uv":[8.375,12.5,8.75,13.125],"tintindex":0,"rotation":0,"texture":"#0"},"up":{"uv":[3.75,11.875,3.375,9.625],"tintindex":0,"rotation":90,"texture":"#0"},"down":{"uv":[1.875,10.125,1.5,12.375],"tintindex":0,"rotation":270,"texture":"#0"}},"rotation":{"origin":[-4.331459,7.767948,16.426216],"angle":45.0,"axis":"y"}},{"from":[-2.3038502,5.267948,7.6846504],"to":[7.69615,10.26795,10.68465],"faces":{"east":{"uv":[3.75,11.125,4.125,11.75],"tintindex":0,"rotation":0,"texture":"#0"},"south":{"uv":[10.375,5.5,11.625,6.125],"tintindex":0,"rotation":0,"texture":"#0"},"north":{"uv":[10.375,8.875,11.625,9.5],"tintindex":0,"rotation":0,"texture":"#0"},"west":{"uv":[9.875,12.375,10.25,13.0],"tintindex":0,"rotation":0,"texture":"#0"},"up":{"uv":[5.875,7.75,5.5,6.5],"tintindex":0,"rotation":90,"texture":"#0"},"down":{"uv":[1.75,7.375,1.375,8.625],"tintindex":0,"rotation":270,"texture":"#0"}},"rotation":{"origin":[4.0730743,8.0,6.860462],"angle":22.5,"axis":"y"}}]}