{"textures":{"0":"modelengine:entity/pohaku_ballista"},"elements":[{"from":[11.377228,11.368021,18.726097],"to":[13.377228,13.868021,20.726097],"faces":{"east":{"uv":[10.75,12.0,10.25,12.625],"tintindex":0,"rotation":0,"texture":"#0"},"south":{"uv":[8.375,12.0,7.875,12.625],"tintindex":0,"rotation":0,"texture":"#0"},"north":{"uv":[11.25,12.0,10.75,12.625],"tintindex":0,"rotation":0,"texture":"#0"},"west":{"uv":[12.5,7.75,12.0,8.375],"tintindex":0,"rotation":0,"texture":"#0"},"up":{"uv":[12.5,8.375,12.0,8.875],"tintindex":0,"rotation":90,"texture":"#0"},"down":{"uv":[12.625,1.875,12.125,1.375],"tintindex":0,"rotation":270,"texture":"#0"}},"rotation":{"origin":[12.377228,12.618021,19.726097],"angle":-22.5,"axis":"x"}},{"from":[2.1272283,14.44303,5.729273],"to":[15.127228,15.44303,9.229273],"faces":{"east":{"uv":[12.625,0.25,13.5,0.5],"tintindex":0,"rotation":0,"texture":"#0"},"south":{"uv":[10.375,5.0,13.625,5.25],"tintindex":0,"rotation":0,"texture":"#0"},"north":{"uv":[10.375,5.25,13.625,5.5],"tintindex":0,"rotation":0,"texture":"#0"},"west":{"uv":[12.625,1.375,13.5,1.625],"tintindex":0,"rotation":0,"texture":"#0"},"up":{"uv":[0.875,7.375,0.0,4.125],"tintindex":0,"rotation":90,"texture":"#0"},"down":{"uv":[1.75,4.125,0.875,7.375],"tintindex":0,"rotation":270,"texture":"#0"}},"rotation":{"origin":[3.2354226,16.924881,15.145729],"angle":-22.5,"axis":"x"}},{"from":[10.794989,5.9430304,0.023704529],"to":[16.294989,13.94303,2.0237045],"faces":{"east":{"uv":[8.625,6.5,8.125,8.5],"tintindex":0,"rotation":0,"texture":"#0"},"south":{"uv":[5.875,2.5,4.5,4.5],"tintindex":0,"rotation":0,"texture":"#0"},"north":{"uv":[5.875,4.5,4.5,6.5],"tintindex":0,"rotation":0,"texture":"#0"},"west":{"uv":[6.5,7.875,6.0,9.875],"tintindex":0,"rotation":0,"texture":"#0"},"up":{"uv":[7.375,10.875,6.875,12.25],"tintindex":0,"rotation":90,"texture":"#0"},"down":{"uv":[7.875,12.25,7.375,10.875],"tintindex":0,"rotation":270,"texture":"#0"}},"rotation":{"origin":[13.083049,9.56803,1.0900478],"angle":-22.5,"axis":"y"}},{"from":[4.3772283,10.535376,20.166283],"to":[5.377228,12.035376,23.666283],"faces":{"east":{"uv":[12.0,4.5,12.875,4.875],"tintindex":0,"rotation":0,"texture":"#0"},"south":{"uv":[5.125,10.875,5.375,11.25],"tintindex":0,"rotation":0,"texture":"#0"},"north":{"uv":[3.125,11.5,3.375,11.875],"tintindex":0,"rotation":0,"texture":"#0"},"west":{"uv":[12.0,7.375,12.875,7.75],"tintindex":0,"rotation":0,"texture":"#0"},"up":{"uv":[13.375,8.75,12.5,8.5],"tintindex":0,"rotation":90,"texture":"#0"},"down":{"uv":[12.375,12.5,11.5,12.75],"tintindex":0,"rotation":270,"texture":"#0"}},"rotation":{"origin":[3.2354226,16.924881,15.145729],"angle":-45.0,"axis":"x"}},{"from":[11.377228,13.677664,2.3815136],"to":[14.377228,25.177664,5.3815136],"faces":{"east":{"uv":[6.625,5.0,5.875,7.875],"tintindex":0,"rotation":0,"texture":"#0"},"south":{"uv":[4.25,5.75,3.5,8.625],"tintindex":0,"rotation":0,"texture":"#0"},"north":{"uv":[5.0,6.5,4.25,9.375],"tintindex":0,"rotation":0,"texture":"#0"},"west":{"uv":[3.5,5.75,2.75,8.625],"tintindex":0,"rotation":0,"texture":"#0"},"up":{"uv":[11.625,0.0,10.875,0.75],"tintindex":0,"rotation":90,"texture":"#0"},"down":{"uv":[11.625,3.125,10.875,2.375],"tintindex":0,"rotation":270,"texture":"#0"}},"rotation":{"origin":[14.019033,16.159515,13.29797],"angle":-22.5,"axis":"x"}},{"from":[12.071876,16.697624,4.36077],"to":[13.071876,16.697624,18.360771],"faces":{"up":{"uv":[10.125,1.125,6.625,1.375],"tintindex":0,"rotation":90,"texture":"#0"},"down":{"uv":[10.125,1.375,6.625,1.125],"tintindex":0,"rotation":270,"texture":"#0"}}},{"from":[11.377228,10.535376,20.166283],"to":[12.377228,12.035376,23.666283],"faces":{"east":{"uv":[12.875,7.375,12.0,7.75],"tintindex":0,"rotation":0,"texture":"#0"},"south":{"uv":[5.375,10.875,5.125,11.25],"tintindex":0,"rotation":0,"texture":"#0"},"north":{"uv":[3.375,11.5,3.125,11.875],"tintindex":0,"rotation":0,"texture":"#0"},"west":{"uv":[12.875,4.5,12.0,4.875],"tintindex":0,"rotation":0,"texture":"#0"},"up":{"uv":[13.375,8.5,12.5,8.75],"tintindex":0,"rotation":90,"texture":"#0"},"down":{"uv":[12.375,12.75,11.5,12.5],"tintindex":0,"rotation":270,"texture":"#0"}},"rotation":{"origin":[13.519033,16.924881,15.145729],"angle":-45.0,"axis":"x"}},{"from":[10.603647,1.4430304,-0.5143547],"to":[16.603645,5.9430304,1.9856453],"faces":{"east":{"uv":[10.625,10.75,10.0,11.875],"tintindex":0,"rotation":0,"texture":"#0"},"south":{"uv":[8.125,6.125,6.625,7.25],"tintindex":0,"rotation":0,"texture":"#0"},"north":{"uv":[8.125,7.25,6.625,8.375],"tintindex":0,"rotation":0,"texture":"#0"},"west":{"uv":[11.375,9.875,10.75,11.0],"tintindex":0,"rotation":0,"texture":"#0"},"up":{"uv":[4.75,9.375,4.125,10.875],"tintindex":0,"rotation":90,"texture":"#0"},"down":{"uv":[5.375,10.875,4.75,9.375],"tintindex":0,"rotation":270,"texture":"#0"}},"rotation":{"origin":[12.891706,7.0680304,1.0519867],"angle":-22.5,"axis":"y"}},{"from":[2.1272283,14.44303,10.229273],"to":[15.127228,15.44303,13.729273],"faces":{"east":{"uv":[12.375,12.5,13.25,12.75],"tintindex":0,"rotation":0,"texture":"#0"},"south":{"uv":[9.875,0.875,13.125,1.125],"tintindex":0,"rotation":0,"texture":"#0"},"north":{"uv":[10.125,1.125,13.375,1.375],"tintindex":0,"rotation":0,"texture":"#0"},"west":{"uv":[12.625,0.0,13.5,0.25],"tintindex":0,"rotation":0,"texture":"#0"},"up":{"uv":[3.625,5.75,2.75,2.5],"tintindex":0,"rotation":90,"texture":"#0"},"down":{"uv":[4.5,2.5,3.625,5.75],"tintindex":0,"rotation":270,"texture":"#0"}},"rotation":{"origin":[3.2354226,16.924881,15.145729],"angle":-22.5,"axis":"x"}},{"from":[2.8772283,12.44303,-1.7707272],"to":[5.877228,14.44303,22.229273],"faces":{"east":{"uv":[2.75,1.5,8.75,2.0],"tintindex":0,"rotation":0,"texture":"#0"},"south":{"uv":[1.0,8.625,1.75,9.125],"tintindex":0,"rotation":0,"texture":"#0"},"north":{"uv":[9.5,11.875,10.25,12.375],"tintindex":0,"rotation":0,"texture":"#0"},"west":{"uv":[2.75,2.0,8.75,2.5],"tintindex":0,"rotation":0,"texture":"#0"},"up":{"uv":[6.0,0.75,0.0,0.0],"tintindex":0,"rotation":90,"texture":"#0"},"down":{"uv":[6.0,0.75,0.0,1.5],"tintindex":0,"rotation":270,"texture":"#0"}},"rotation":{"origin":[3.2354226,16.924881,15.145729],"angle":-22.5,"axis":"x"}},{"from":[5.877228,1.4430304,-1.2707272],"to":[11.377228,5.9430304,1.2292728],"faces":{"east":{"uv":[8.75,10.75,9.375,11.875],"tintindex":0,"rotation":0,"texture":"#0"},"south":{"uv":[0.0,7.375,1.375,8.5],"tintindex":0,"rotation":0,"texture":"#0"},"north":{"uv":[7.5,0.0,8.875,1.125],"tintindex":0,"rotation":0,"texture":"#0"},"west":{"uv":[9.375,10.75,10.0,11.875],"tintindex":0,"rotation":0,"texture":"#0"},"up":{"uv":[1.5,11.5,0.875,10.125],"tintindex":0,"rotation":90,"texture":"#0"},"down":{"uv":[0.625,10.5,0.0,11.875],"tintindex":0,"rotation":270,"texture":"#0"}}},{"from":[3.3772283,11.535376,22.666283],"to":[13.377228,13.035376,24.166283],"faces":{"east":{"uv":[12.75,3.75,13.125,4.125],"tintindex":0,"rotation":0,"texture":"#0"},"south":{"uv":[6.5,9.5,9.0,9.875],"tintindex":0,"rotation":0,"texture":"#0"},"north":{"uv":[9.5,8.5,12.0,8.875],"tintindex":0,"rotation":0,"texture":"#0"},"west":{"uv":[12.75,4.125,13.125,4.5],"tintindex":0,"rotation":0,"texture":"#0"},"up":{"uv":[4.125,11.125,3.75,8.625],"tintindex":0,"rotation":90,"texture":"#0"},"down":{"uv":[2.375,9.125,2.0,11.625],"tintindex":0,"rotation":270,"texture":"#0"}},"rotation":{"origin":[3.2354226,16.924881,15.145729],"angle":-45.0,"axis":"x"}},{"from":[5.877228,5.9430304,-0.77072716],"to":[11.377228,16.443031,1.2292728],"faces":{"east":{"uv":[6.0,7.875,5.5,10.5],"tintindex":0,"rotation":0,"texture":"#0"},"south":{"uv":[0.0,1.5,1.375,4.125],"tintindex":0,"rotation":0,"texture":"#0"},"north":{"uv":[1.375,1.5,2.75,4.125],"tintindex":0,"rotation":0,"texture":"#0"},"west":{"uv":[5.5,7.875,6.0,10.5],"tintindex":0,"rotation":0,"texture":"#0"},"up":{"uv":[4.625,12.25,4.125,10.875],"tintindex":0,"rotation":90,"texture":"#0"},"down":{"uv":[5.125,10.875,4.625,12.25],"tintindex":0,"rotation":270,