{"textures":{"0":"modelengine:entity/pohaku_ballista"},"elements":[{"from":[-11.5,6.7335796,8.160608],"to":[-9.5,8.73358,12.160608],"faces":{"east":{"uv":[4.25,5.75,4.5,6.25],"tintindex":0,"rotation":270,"texture":"#0"},"south":{"uv":[4.5,6.5,4.25,6.25],"tintindex":0,"rotation":90,"texture":"#0"},"north":{"uv":[13.125,7.375,12.875,7.625],"tintindex":0,"rotation":90,"texture":"#0"},"west":{"uv":[8.125,12.625,8.375,13.125],"tintindex":0,"rotation":90,"texture":"#0"},"up":{"uv":[11.0,12.625,11.25,13.125],"tintindex":0,"rotation":180,"texture":"#0"},"down":{"uv":[2.125,12.625,2.375,13.125],"tintindex":0,"rotation":0,"texture":"#0"}},"rotation":{"origin":[-10.5,11.23358,6.6606083],"angle":-22.5,"axis":"x"}},{"from":[26.75,7.5364857,1.6970935],"to":[28.75,9.536486,5.6970935],"faces":{"east":{"uv":[8.125,13.125,8.375,12.625],"tintindex":0,"rotation":270,"texture":"#0"},"south":{"uv":[13.125,7.625,12.875,7.375],"tintindex":0,"rotation":270,"texture":"#0"},"north":{"uv":[4.5,6.25,4.25,6.5],"tintindex":0,"rotation":270,"texture":"#0"},"west":{"uv":[4.25,6.25,4.5,5.75],"tintindex":0,"rotation":90,"texture":"#0"},"up":{"uv":[2.375,12.625,2.125,13.125],"tintindex":0,"rotation":0,"texture":"#0"},"down":{"uv":[11.25,12.625,11.0,13.125],"tintindex":0,"rotation":180,"texture":"#0"}},"rotation":{"origin":[26.5,10.286486,8.947093],"angle":-22.5,"axis":"x"}},{"from":[13.75,4.3742046,5.1470766],"to":[29.75,7.3742046,8.147077],"faces":{"east":{"uv":[13.125,3.375,12.75,3.75],"tintindex":0,"rotation":0,"texture":"#0"},"south":{"uv":[12.375,9.5,10.375,9.875],"tintindex":0,"rotation":0,"texture":"#0"},"north":{"uv":[12.625,7.0,10.625,7.375],"tintindex":0,"rotation":0,"texture":"#0"},"west":{"uv":[13.125,0.5,12.75,0.875],"tintindex":0,"rotation":0,"texture":"#0"},"up":{"uv":[2.75,10.5,2.375,12.5],"tintindex":0,"rotation":90,"texture":"#0"},"down":{"uv":[3.125,12.5,2.75,10.5],"tintindex":0,"rotation":270,"texture":"#0"}},"rotation":{"origin":[17.783611,10.337906,1.9799886],"angle":-22.5,"axis":"x"}},{"from":[-11.5,7.3742046,5.6470766],"to":[-9.5,11.374205,7.6470766],"faces":{"east":{"uv":[4.25,5.75,4.5,6.25],"tintindex":0,"rotation":0,"texture":"#0"},"south":{"uv":[2.125,12.625,2.375,13.125],"tintindex":0,"rotation":0,"texture":"#0"},"north":{"uv":[11.0,12.625,11.25,13.125],"tintindex":0,"rotation":0,"texture":"#0"},"west":{"uv":[8.125,12.625,8.375,13.125],"tintindex":0,"rotation":0,"texture":"#0"},"up":{"uv":[4.5,6.5,4.25,6.25],"tintindex":0,"rotation":90,"texture":"#0"},"down":{"uv":[13.125,7.375,12.875,7.625],"tintindex":0,"rotation":270,"texture":"#0"}},"rotation":{"origin":[-1.7836113,10.337906,1.9799886],"angle":-22.5,"axis":"x"}},{"from":[26.75,6.7335796,8.160608],"to":[28.75,8.73358,12.160608],"faces":{"east":{"uv":[8.125,13.125,8.375,12.625],"tintindex":0,"rotation":90,"texture":"#0"},"south":{"uv":[4.5,6.25,4.25,6.5],"tintindex":0,"rotation":90,"texture":"#0"},"north":{"uv":[13.125,7.625,12.875,7.375],"tintindex":0,"rotation":90,"texture":"#0"},"west":{"uv":[4.25,6.25,4.5,5.75],"tintindex":0,"rotation":270,"texture":"#0"},"up":{"uv":[11.25,12.625,11.0,13.125],"tintindex":0,"rotation":180,"texture":"#0"},"down":{"uv":[2.375,12.625,2.125,13.125],"tintindex":0,"rotation":0,"texture":"#0"}},"rotation":{"origin":[26.5,11.23358,6.6606083],"angle":-22.5,"axis":"x"}},{"from":[-11.5,3.0364857,6.1970935],"to":[-9.5,7.0364857,8.197093],"faces":{"east":{"uv":[4.25,5.75,4.5,6.25],"tintindex":0,"rotation":180,"texture":"#0"},"south":{"uv":[11.0,12.625,11.25,13.125],"tintindex":0,"rotation":180,"texture":"#0"},"north":{"uv":[2.125,12.625,2.375,13.125],"tintindex":0,"rotation":180,"texture":"#0"},"west":{"uv":[8.125,12.625,8.375,13.125],"tintindex":0,"rotation":180,"texture":"#0"},"up":{"uv":[13.125,7.375,12.875,7.625],"tintindex":0,"rotation":270,"texture":"#0"},"down":{"uv":[4.5,6.5,4.25,6.25],"tintindex":0,"rotation":90,"texture":"#0"}},"rotation":{"origin":[-10.5,10.286486,8.947093],"angle":-22.5,"axis":"x"}},{"from":[-11.5,7.5364857,1.6970935],"to":[-9.5,9.536486,5.6970935],"faces":{"east":{"uv":[4.25,5.75,4.5,6.25],"tintindex":0,"rotation":90,"texture":"#0"},"south":{"uv":[13.125,7.375,12.875,7.625],"tintindex":0,"rotation":270,"texture":"#0"},"north":{"uv":[4.5,6.5,4.25,6.25],"tintindex":0,"rotation":270,"texture":"#0"},"west":{"uv":[8.125,12.625,8.375,13.125],"tintindex":0,"rotation":270,"texture":"#0"},"up":{"uv":[2.125,12.625,2.375,13.125],"tintindex":0,"rotation":0,"texture":"#0"},"down":{"uv":[11.0,12.625,11.25,13.125],"tintindex":0,"rotation":180,"texture":"#0"}},"rotation":{"origin":[-10.5,10.286486,8.947093],"angle":-22.5,"axis":"x"}},{"from":[26.75,7.3742046,5.6470766],"to":[28.75,11.374205,7.6470766],"faces":{"east":{"uv":[8.375,12.625,8.125,13.125],"tintindex":0,"rotation":0,"texture":"#0"},"south":{"uv":[2.375,12.625,2.125,13.125],"tintindex":0,"rotation":0,"texture":"#0"},"north":{"uv":[11.25,12.625,11.0,13.125],"tintindex":0,"rotation":0,"texture":"#0"},"west":{"uv":[4.5,5.75,4.25,6.25],"tintindex":0,"rotation":0,"texture":"#0"},"up":{"uv":[4.5,6.25,4.25,6.5],"tintindex":0,"rotation":90,"texture":"#0"},"down":{"uv":[13.125,7.625,12.875,7.375],"tintindex":0,"rotation":270,"texture":"#0"}},"rotation":{"origin":[17.783611,10.337906,1.9799886],"angle":-22.5,"axis":"x"}},{"from":[-12.5,4.3742046,5.1470766],"to":[3.5,7.3742046,8.147077],"faces":{"east":{"uv":[12.75,0.5,13.125,0.875],"tintindex":0,"rotation":0,"texture":"#0"},"south":{"uv":[10.375,9.5,12.375,9.875],"tintindex":0,"rotation":0,"texture":"#0"},"north":{"uv":[10.625,7.0,12.625,7.375],"tintindex":0,"rotation":0,"texture":"#0"},"west":{"uv":[12.75,3.375,13.125,3.75],"tintindex":0,"rotation":0,"texture":"#0"},"up":{"uv":[2.75,12.5,2.375,10.5],"tintindex":0,"rotation":90,"texture":"#0"},"down":{"uv":[3.125,10.5,2.75,12.5],"tintindex":0,"rotation":270,"texture":"#0"}},"rotation":{"origin":[-1.7836113,10.337906,1.9799886],"angle":-22.5,"axis":"x"}},{"from":[26.75,3.0364857,6.1970935],"to":[28.75,7.0364857,8.197093],"faces":{"east":{"uv":[8.375,12.625,8.125,13.125],"tintindex":0,"rotation":180,"texture":"#0"},"south":{"uv":[11.25,12.625,11.0,13.125],"tintindex":0,"rotation":180,"texture":"#0"},"north":{"uv":[2.375,12.625,2.125,13.125],"tintindex":0,"rotation":180,"texture":"#0"},"west":{"uv":[4.5,5.75,4.25,6.25],"tintindex":0,"rotation":180,"texture":"#0"},"up":{"uv":[13.125,7.625,12.875,7.375],"tintindex":0,"rotation":270,"texture":"#0"},"down":{"uv":[4.5,6.25,4.25,6.5],"tintindex":0,"rotation":90,"texture":"#0"}},"rotation":{"origin":[26.5,10.286486,8.947093],"angle":-22.5,"axis":"x"}}]}