{"textures":{"0":"modelengine:entity/pohaku_ballista"},"elements":[{"from":[8.448607,7.75,6.1358414],"to":[9.448607,7.75,22.635841],"faces":{"up":{"uv":[10.125,1.125,6.0,1.375],"tintindex":0,"rotation":90,"texture":"#0"},"down":{"uv":[10.125,1.375,6.0,1.125],"tintindex":0,"rotation":270,"texture":"#0"}},"rotation":{"origin":[6.1986074,8.0,5.8858414],"angle":-45.0,"axis":"y"}}]}