{"textures":{"2":"modelengine:entity/em_pirate_b1"},"elements":[{"from":[3.9,14.025,3.9042115],"to":[12.1,17.225,12.104212],"faces":{"east":{"uv":[7.6875,5.5625,8.1875,5.75],"tintindex":0,"rotation":0,"texture":"#2"},"south":{"uv":[7.75,1.5625,8.25,1.75],"tintindex":0,"rotation":0,"texture":"#2"},"north":{"uv":[7.6875,3.125,8.1875,3.3125],"tintindex":0,"rotation":0,"texture":"#2"},"west":{"uv":[7.75,1.75,8.25,1.9375],"tintindex":0,"rotation":0,"texture":"#2"},"up":{"uv":[0.5,5.125,0.0,4.625],"tintindex":0,"rotation":0,"texture":"#2"},"down":{"uv":[1.0,4.625,0.5,5.125],"tintindex":0,"rotation":0,"texture":"#2"}}},{"from":[8.0,13.125,12.004211],"to":[8.0,18.125,16.004211],"faces":{"east":{"uv":[4.3125,7.8125,4.5625,8.125],"tintindex":0,"rotation":0,"texture":"#2"},"west":{"uv":[4.5625,7.8125,4.8125,8.125],"tintindex":0,"rotation":0,"texture":"#2"}},"rotation":{"origin":[8.0,15.625,12.004211],"angle":45.0,"axis":"y"}},{"from":[4.0,8.0,4.0],"to":[12.0,16.0,12.0],"faces":{"east":{"uv":[2.375,4.4375,2.875,4.9375],"tintindex":0,"rotation":0,"texture":"#2"},"south":{"uv":[4.4375,2.4375,4.9375,2.9375],"tintindex":0,"rotation":0,"texture":"#2"},"north":{"uv":[1.875,4.125,2.375,4.625],"tintindex":0,"rotation":0,"texture":"#2"},"west":{"uv":[2.875,4.4375,3.375,4.9375],"tintindex":0,"rotation":0,"texture":"#2"},"up":{"uv":[5.0,2.25,4.5,1.75],"tintindex":0,"rotation":0,"texture":"#2"},"down":{"uv":[1.75,4.5625,1.25,5.0625],"tintindex":0,"rotation":0,"texture":"#2"}}},{"from":[8.0,13.125,12.004211],"to":[8.0,18.125,16.004211],"faces":{"east":{"uv":[3.8125,7.8125,4.0625,8.125],"tintindex":0,"rotation":0,"texture":"#2"},"west":{"uv":[4.0625,7.8125,4.3125,8.125],"tintindex":0,"rotation":0,"texture":"#2"}},"rotation":{"origin":[8.0,15.625,12.004211],"angle":-45.0,"axis":"y"}}]}