{"textures":{"1":"modelengine:entity/em_pirate_b2"},"elements":[{"from":[3.996016,13.140005,3.7843156],"to":[12.196016,16.340006,11.984314],"faces":{"east":{"uv":[7.25,0.75,7.75,0.9375],"tintindex":0,"rotation":0,"texture":"#1"},"south":{"uv":[7.25,0.9375,7.75,1.125],"tintindex":0,"rotation":0,"texture":"#1"},"north":{"uv":[7.25,0.5625,7.75,0.75],"tintindex":0,"rotation":0,"texture":"#1"},"west":{"uv":[7.25,1.125,7.75,1.3125],"tintindex":0,"rotation":0,"texture":"#1"},"up":{"uv":[5.75,4.875,5.25,4.375],"tintindex":0,"rotation":0,"texture":"#1"},"down":{"uv":[3.75,5.3125,3.25,5.8125],"tintindex":0,"rotation":0,"texture":"#1"}}},{"from":[8.096016,12.2400055,11.884314],"to":[8.096016,17.240005,15.884314],"faces":{"east":{"uv":[3.0,7.375,3.25,7.6875],"tintindex":0,"rotation":0,"texture":"#1"},"west":{"uv":[3.25,7.375,3.5,7.6875],"tintindex":0,"rotation":0,"texture":"#1"}},"rotation":{"origin":[8.096016,14.7400055,11.884314],"angle":45.0,"axis":"y"}},{"from":[4.096016,8.2400055,3.8843155],"to":[12.096016,16.240005,11.884314],"faces":{"east":{"uv":[5.1875,0.5,5.6875,1.0],"tintindex":0,"rotation":0,"texture":"#1"},"south":{"uv":[5.1875,1.0,5.6875,1.5],"tintindex":0,"rotation":0,"texture":"#1"},"north":{"uv":[5.1875,0.0,5.6875,0.5],"tintindex":0,"rotation":0,"texture":"#1"},"west":{"uv":[4.0,5.1875,4.5,5.6875],"tintindex":0,"rotation":0,"texture":"#1"},"up":{"uv":[5.0,5.6875,4.5,5.1875],"tintindex":0,"rotation":0,"texture":"#1"},"down":{"uv":[5.5,5.1875,5.0,5.6875],"tintindex":0,"rotation":0,"texture":"#1"}}},{"from":[8.096016,12.2400055,11.884314],"to":[8.096016,17.240005,15.884314],"faces":{"east":{"uv":[2.25,7.375,2.5,7.6875],"tintindex":0,"rotation":0,"texture":"#1"},"west":{"uv":[2.5,7.375,2.75,7.6875],"tintindex":0,"rotation":0,"texture":"#1"}},"rotation":{"origin":[8.096016,14.7400055,11.884314],"angle":-45.0,"axis":"y"}}]}