{"textures":{"1":"modelengine:entity/em_pirate_b2"},"elements":[{"from":[8.096016,12.2400055,11.884314],"to":[8.096016,17.240005,15.884314],"faces":{"east":{"uv":[6.375,7.3125,6.625,7.625],"tintindex":0,"rotation":0,"texture":"#1"},"west":{"uv":[6.625,7.3125,6.875,7.625],"tintindex":0,"rotation":0,"texture":"#1"}},"rotation":{"origin":[8.096016,14.7400055,11.884314],"angle":-45.0,"axis":"y"}},{"from":[8.096016,12.2400055,11.884314],"to":[8.096016,17.240005,15.884314],"faces":{"east":{"uv":[6.875,7.3125,7.125,7.625],"tintindex":0,"rotation":0,"texture":"#1"},"west":{"uv":[7.125,7.3125,7.375,7.625],"tintindex":0,"rotation":0,"texture":"#1"}},"rotation":{"origin":[8.096016,14.7400055,11.884314],"angle":45.0,"axis":"y"}},{"from":[3.996016,13.140005,3.7843156],"to":[12.196016,16.340006,11.984314],"faces":{"east":{"uv":[7.125,6.25,7.625,6.4375],"tintindex":0,"rotation":0,"texture":"#1"},"south":{"uv":[7.125,6.4375,7.625,6.625],"tintindex":0,"rotation":0,"texture":"#1"},"north":{"uv":[7.125,6.0625,7.625,6.25],"tintindex":0,"rotation":0,"texture":"#1"},"west":{"uv":[7.125,6.625,7.625,6.8125],"tintindex":0,"rotation":0,"texture":"#1"},"up":{"uv":[5.375,3.875,4.875,3.375],"tintindex":0,"rotation":0,"texture":"#1"},"down":{"uv":[5.375,3.875,4.875,4.375],"tintindex":0,"rotation":0,"texture":"#1"}}},{"from":[4.096016,8.2400055,3.8843155],"to":[12.096016,16.240005,11.884314],"faces":{"east":{"uv":[4.6875,1.0,5.1875,1.5],"tintindex":0,"rotation":0,"texture":"#1"},"south":{"uv":[4.25,4.6875,4.75,5.1875],"tintindex":0,"rotation":0,"texture":"#1"},"north":{"uv":[4.6875,0.5,5.1875,1.0],"tintindex":0,"rotation":0,"texture":"#1"},"west":{"uv":[4.75,4.6875,5.25,5.1875],"tintindex":0,"rotation":0,"texture":"#1"},"up":{"uv":[4.0,5.3125,3.5,4.8125],"tintindex":0,"rotation":0,"texture":"#1"},"down":{"uv":[2.25,4.875,1.75,5.375],"tintindex":0,"rotation":0,"texture":"#1"}}}],"display":{"gui":{"rotation":[30,225,0]}}}