{"textures":{"0":"modelengine:entity/em_pirate_b3"},"elements":[{"from":[8.096016,12.2400055,11.8843155],"to":[8.096016,17.240005,15.8843155],"faces":{"east":{"uv":[5.875,7.4375,6.125,7.75],"tintindex":0,"rotation":0,"texture":"#0"},"west":{"uv":[6.125,7.4375,6.375,7.75],"tintindex":0,"rotation":0,"texture":"#0"}},"rotation":{"origin":[8.096016,14.7400055,11.8843155],"angle":45.0,"axis":"y"}},{"from":[3.996016,13.140005,3.7843156],"to":[12.196016,16.340006,11.984316],"faces":{"east":{"uv":[7.3125,3.75,7.8125,3.9375],"tintindex":0,"rotation":0,"texture":"#0"},"south":{"uv":[7.3125,5.1875,7.8125,5.375],"tintindex":0,"rotation":0,"texture":"#0"},"north":{"uv":[7.3125,3.5625,7.8125,3.75],"tintindex":0,"rotation":0,"texture":"#0"},"west":{"uv":[7.3125,5.375,7.8125,5.5625],"tintindex":0,"rotation":0,"texture":"#0"},"up":{"uv":[3.25,5.4375,2.75,4.9375],"tintindex":0,"rotation":0,"texture":"#0"},"down":{"uv":[5.5,1.5,5.0,2.0],"tintindex":0,"rotation":0,"texture":"#0"}}},{"from":[4.096016,8.2400055,3.8843155],"to":[12.096016,16.240005,11.8843155],"faces":{"east":{"uv":[4.875,2.9375,5.375,3.4375],"tintindex":0,"rotation":0,"texture":"#0"},"south":{"uv":[4.875,3.4375,5.375,3.9375],"tintindex":0,"rotation":0,"texture":"#0"},"north":{"uv":[3.375,4.8125,3.875,5.3125],"tintindex":0,"rotation":0,"texture":"#0"},"west":{"uv":[4.875,3.9375,5.375,4.4375],"tintindex":0,"rotation":0,"texture":"#0"},"up":{"uv":[2.75,5.4375,2.25,4.9375],"tintindex":0,"rotation":0,"texture":"#0"},"down":{"uv":[5.4375,2.25,4.9375,2.75],"tintindex":0,"rotation":0,"texture":"#0"}}},{"from":[8.096016,12.2400055,11.8843155],"to":[8.096016,17.240005,15.8843155],"faces":{"east":{"uv":[7.4375,6.5625,7.6875,6.875],"tintindex":0,"rotation":0,"texture":"#0"},"west":{"uv":[6.75,7.4375,7.0,7.75],"tintindex":0,"rotation":0,"texture":"#0"}},"rotation":{"origin":[8.096016,14.7400055,11.8843155],"angle":-45.0,"axis":"y"}}],"display":{"gui":{"rotation":[30,225,0]}}}