{"textures":{"1":"modelengine:entity/em_pirate_b2"},"elements":[{"from":[4.096016,8.2400055,3.8843155],"to":[12.096016,16.240005,11.884314],"faces":{"east":{"uv":[2.75,4.9375,3.25,5.4375],"tintindex":0,"rotation":0,"texture":"#1"},"south":{"uv":[4.9375,2.875,5.4375,3.375],"tintindex":0,"rotation":0,"texture":"#1"},"north":{"uv":[2.25,4.9375,2.75,5.4375],"tintindex":0,"rotation":0,"texture":"#1"},"west":{"uv":[5.0,1.5,5.5,2.0],"tintindex":0,"rotation":0,"texture":"#1"},"up":{"uv":[1.5,5.5625,1.0,5.0625],"tintindex":0,"rotation":0,"texture":"#1"},"down":{"uv":[5.5625,2.0,5.0625,2.5],"tintindex":0,"rotation":0,"texture":"#1"}}},{"from":[3.996016,13.140005,3.7843156],"to":[12.196016,16.340006,11.984314],"faces":{"east":{"uv":[7.25,0.0,7.75,0.1875],"tintindex":0,"rotation":0,"texture":"#1"},"south":{"uv":[7.25,0.1875,7.75,0.375],"tintindex":0,"rotation":0,"texture":"#1"},"north":{"uv":[7.125,6.8125,7.625,7.0],"tintindex":0,"rotation":0,"texture":"#1"},"west":{"uv":[7.25,0.375,7.75,0.5625],"tintindex":0,"rotation":0,"texture":"#1"},"up":{"uv":[0.5,5.625,0.0,5.125],"tintindex":0,"rotation":0,"texture":"#1"},"down":{"uv":[1.0,5.125,0.5,5.625],"tintindex":0,"rotation":0,"texture":"#1"}}},{"from":[8.096016,12.2400055,11.884314],"to":[8.096016,17.240005,15.884314],"faces":{"east":{"uv":[2.0,7.375,2.25,7.6875],"tintindex":0,"rotation":0,"texture":"#1"},"west":{"uv":[7.375,2.125,7.625,2.4375],"tintindex":0,"rotation":0,"texture":"#1"}},"rotation":{"origin":[8.096016,14.7400055,11.884314],"angle":45.0,"axis":"y"}},{"from":[8.096016,12.2400055,11.884314],"to":[8.096016,17.240005,15.884314],"faces":{"east":{"uv":[7.375,1.3125,7.625,1.625],"tintindex":0,"rotation":0,"texture":"#1"},"west":{"uv":[1.75,7.375,2.0,7.6875],"tintindex":0,"rotation":0,"texture":"#1"}},"rotation":{"origin":[8.096016,14.7400055,11.884314],"angle":-45.0,"axis":"y"}}]}