{"textures":{"2":"modelengine:entity/em_pirate_b1"},"elements":[{"from":[4.096016,8.2400055,3.8843145],"to":[12.096016,16.240005,11.884315],"faces":{"east":{"uv":[4.875,3.9375,5.375,4.4375],"tintindex":0,"rotation":0,"texture":"#2"},"south":{"uv":[2.25,4.9375,2.75,5.4375],"tintindex":0,"rotation":0,"texture":"#2"},"north":{"uv":[4.875,3.4375,5.375,3.9375],"tintindex":0,"rotation":0,"texture":"#2"},"west":{"uv":[4.9375,2.25,5.4375,2.75],"tintindex":0,"rotation":0,"texture":"#2"},"up":{"uv":[3.25,5.4375,2.75,4.9375],"tintindex":0,"rotation":0,"texture":"#2"},"down":{"uv":[5.5,1.5,5.0,2.0],"tintindex":0,"rotation":0,"texture":"#2"}}},{"from":[3.996016,13.140005,3.7843146],"to":[12.196016,16.340006,11.984315],"faces":{"east":{"uv":[5.9375,7.75,6.4375,7.9375],"tintindex":0,"rotation":0,"texture":"#2"},"south":{"uv":[6.4375,7.75,6.9375,7.9375],"tintindex":0,"rotation":0,"texture":"#2"},"north":{"uv":[5.4375,7.75,5.9375,7.9375],"tintindex":0,"rotation":0,"texture":"#2"},"west":{"uv":[7.75,6.4375,8.25,6.625],"tintindex":0,"rotation":0,"texture":"#2"},"up":{"uv":[1.5,5.5625,1.0,5.0625],"tintindex":0,"rotation":0,"texture":"#2"},"down":{"uv":[0.5,5.125,0.0,5.625],"tintindex":0,"rotation":0,"texture":"#2"}}},{"from":[8.096016,12.2400055,11.884315],"to":[8.096016,17.240005,15.884314],"faces":{"east":{"uv":[6.9375,7.9375,7.1875,8.25],"tintindex":0,"rotation":0,"texture":"#2"},"west":{"uv":[7.1875,7.9375,7.4375,8.25],"tintindex":0,"rotation":0,"texture":"#2"}},"rotation":{"origin":[8.096016,14.7400055,11.884315],"angle":45.0,"axis":"y"}},{"from":[8.096016,12.2400055,11.884315],"to":[8.096016,17.240005,15.884314],"faces":{"east":{"uv":[6.4375,7.9375,6.6875,8.25],"tintindex":0,"rotation":0,"texture":"#2"},"west":{"uv":[6.6875,7.9375,6.9375,8.25],"tintindex":0,"rotation":0,"texture":"#2"}},"rotation":{"origin":[8.096016,14.7400055,11.884315],"angle":-45.0,"axis":"y"}}],"display":{"gui":{"rotation":[30,225,0]}}}