{"textures":{"2":"modelengine:entity/em_pirate_b1"},"elements":[{"from":[4.096016,8.2400055,3.8843145],"to":[12.096016,16.240005,11.884315],"faces":{"east":{"uv":[1.5,5.125,2.0,5.625],"tintindex":0,"rotation":0,"texture":"#2"},"south":{"uv":[5.1875,0.0,5.6875,0.5],"tintindex":0,"rotation":0,"texture":"#2"},"north":{"uv":[0.5,5.125,1.0,5.625],"tintindex":0,"rotation":0,"texture":"#2"},"west":{"uv":[5.1875,0.5,5.6875,1.0],"tintindex":0,"rotation":0,"texture":"#2"},"up":{"uv":[5.6875,1.5,5.1875,1.0],"tintindex":0,"rotation":0,"texture":"#2"},"down":{"uv":[4.375,5.1875,3.875,5.6875],"tintindex":0,"rotation":0,"texture":"#2"}}},{"from":[3.996016,13.140005,3.7843146],"to":[12.196016,16.340006,11.984315],"faces":{"east":{"uv":[7.75,6.8125,8.25,7.0],"tintindex":0,"rotation":0,"texture":"#2"},"south":{"uv":[6.9375,7.75,7.4375,7.9375],"tintindex":0,"rotation":0,"texture":"#2"},"north":{"uv":[7.75,6.625,8.25,6.8125],"tintindex":0,"rotation":0,"texture":"#2"},"west":{"uv":[7.4375,7.75,7.9375,7.9375],"tintindex":0,"rotation":0,"texture":"#2"},"up":{"uv":[4.875,5.6875,4.375,5.1875],"tintindex":0,"rotation":0,"texture":"#2"},"down":{"uv":[5.375,5.1875,4.875,5.6875],"tintindex":0,"rotation":0,"texture":"#2"}}},{"from":[8.096016,12.2400055,11.884315],"to":[8.096016,17.240005,15.884314],"faces":{"east":{"uv":[7.4375,7.9375,7.6875,8.25],"tintindex":0,"rotation":0,"texture":"#2"},"west":{"uv":[7.6875,7.9375,7.9375,8.25],"tintindex":0,"rotation":0,"texture":"#2"}},"rotation":{"origin":[8.096016,14.7400055,11.884315],"angle":-45.0,"axis":"y"}},{"from":[8.096016,12.2400055,11.884315],"to":[8.096016,17.240005,15.884314],"faces":{"east":{"uv":[7.9375,7.75,8.1875,8.0625],"tintindex":0,"rotation":0,"texture":"#2"},"west":{"uv":[0.0,8.0,0.25,8.3125],"tintindex":0,"rotation":0,"texture":"#2"}},"rotation":{"origin":[8.096016,14.7400055,11.884315],"angle":45.0,"axis":"y"}}],"display":{"gui":{"rotation":[30,225,0]}}}