{"textures":{"0":"modelengine:entity/em_pirate_b3"},"elements":[{"from":[4.096016,8.2400055,3.8843155],"to":[12.096016,16.240005,11.8843155],"faces":{"east":{"uv":[5.375,3.25,5.875,3.75],"tintindex":0,"rotation":0,"texture":"#0"},"south":{"uv":[5.375,3.75,5.875,4.25],"tintindex":0,"rotation":0,"texture":"#0"},"north":{"uv":[5.375,2.75,5.875,3.25],"tintindex":0,"rotation":0,"texture":"#0"},"west":{"uv":[5.375,4.9375,5.875,5.4375],"tintindex":0,"rotation":0,"texture":"#0"},"up":{"uv":[2.5,5.9375,2.0,5.4375],"tintindex":0,"rotation":0,"texture":"#0"},"down":{"uv":[5.9375,2.0,5.4375,2.5],"tintindex":0,"rotation":0,"texture":"#0"}}},{"from":[8.096016,12.2400055,11.8843155],"to":[8.096016,17.240005,15.8843155],"faces":{"east":{"uv":[7.25,7.4375,7.5,7.75],"tintindex":0,"rotation":0,"texture":"#0"},"west":{"uv":[0.0,7.5,0.25,7.8125],"tintindex":0,"rotation":0,"texture":"#0"}},"rotation":{"origin":[8.096016,14.7400055,11.8843155],"angle":-45.0,"axis":"y"}},{"from":[8.096016,12.2400055,11.8843155],"to":[8.096016,17.240005,15.8843155],"faces":{"east":{"uv":[7.4375,6.875,7.6875,7.1875],"tintindex":0,"rotation":0,"texture":"#0"},"west":{"uv":[7.0,7.4375,7.25,7.75],"tintindex":0,"rotation":0,"texture":"#0"}},"rotation":{"origin":[8.096016,14.7400055,11.8843155],"angle":45.0,"axis":"y"}},{"from":[3.996016,13.140005,3.7843156],"to":[12.196016,16.340006,11.984316],"faces":{"east":{"uv":[7.375,1.8125,7.875,2.0],"tintindex":0,"rotation":0,"texture":"#0"},"south":{"uv":[7.375,2.0,7.875,2.1875],"tintindex":0,"rotation":0,"texture":"#0"},"north":{"uv":[1.5625,7.375,2.0625,7.5625],"tintindex":0,"rotation":0,"texture":"#0"},"west":{"uv":[2.0625,7.375,2.5625,7.5625],"tintindex":0,"rotation":0,"texture":"#0"},"up":{"uv":[3.0,5.9375,2.5,5.4375],"tintindex":0,"rotation":0,"texture":"#0"},"down":{"uv":[5.875,5.4375,5.375,5.9375],"tintindex":0,"rotation":0,"texture":"#0"}}}],"display":{"gui":{"rotation":[30,225,0]}}}