{"textures":{"0":"modelengine:entity/em_pirate_b3"},"elements":[{"from":[4.096016,8.2400055,3.8843155],"to":[12.096016,16.240005,11.8843155],"faces":{"east":{"uv":[3.875,5.1875,4.375,5.6875],"tintindex":0,"rotation":0,"texture":"#0"},"south":{"uv":[4.375,5.1875,4.875,5.6875],"tintindex":0,"rotation":0,"texture":"#0"},"north":{"uv":[5.1875,1.0,5.6875,1.5],"tintindex":0,"rotation":0,"texture":"#0"},"west":{"uv":[4.875,5.1875,5.375,5.6875],"tintindex":0,"rotation":0,"texture":"#0"},"up":{"uv":[5.75,4.9375,5.25,4.4375],"tintindex":0,"rotation":0,"texture":"#0"},"down":{"uv":[3.75,5.3125,3.25,5.8125],"tintindex":0,"rotation":0,"texture":"#0"}}}],"display":{"gui":{"rotation":[30,225,0]}}}